date,zone,consommation_totale_kwh,prediction_kwh,erreur_absolue_kwh
2025-08-11,Bourg-Ancien,7328.610000000001,7715.071685825965,386.4616858259642
2025-08-12,Bourg-Ancien,7837.17,7908.166318382103,70.9963183821028
2025-08-13,Bourg-Ancien,7797.15,7807.907030252232,10.757030252232653
2025-08-14,Bourg-Ancien,8225.96,7755.290877337406,470.6691226625935
2025-08-15,Bourg-Ancien,4142.44,7797.6940967754135,3655.254096775414
2025-08-16,Bourg-Ancien,4331.92,4217.662163951824,114.2578360481757
2025-08-17,Bourg-Ancien,4320.33,5940.411114759459,1620.0811147594595
2025-08-18,Bourg-Ancien,7552.41,8625.707883515937,1073.2978835159374
2025-08-19,Bourg-Ancien,7903.36,7670.212084324023,233.14791567597695
2025-08-20,Bourg-Ancien,8326.41,7764.985608895945,561.4243911040548
2025-08-21,Bourg-Ancien,7478.74,7788.24916215566,309.5091621556603
2025-08-22,Bourg-Ancien,7948.97,4263.291139174486,3685.6788608255147
2025-08-23,Bourg-Ancien,4481.39,4325.525284216315,155.86471578368491
2025-08-24,Bourg-Ancien,4894.3,4394.768008027276,499.5319919727244
2025-08-25,Bourg-Ancien,4194.24,7578.1909532008685,3383.9509532008688
2025-08-26,Bourg-Ancien,8001.0599999999995,8147.316185462412,146.25618546241276
2025-08-27,Bourg-Ancien,8007.12,7821.4137104016345,185.7062895983654
2025-08-28,Bourg-Ancien,7788.259999999999,8162.6252111716285,374.3652111716292
2025-08-29,Bourg-Ancien,7589.51,5654.9950159684395,1934.5149840315607
2025-08-30,Bourg-Ancien,4049.32,4660.644984599728,611.3249845997275
2025-08-31,Bourg-Ancien,4260.5599999999995,5457.14762981011,1196.5876298101102
2025-09-01,Bourg-Ancien,7609.259999999999,4580.033049454795,3029.226950545204
2025-09-02,Bourg-Ancien,7529.84,7753.923155277108,224.08315527710783
2025-09-03,Bourg-Ancien,8347.69,8006.148473919915,341.54152608008553
2025-09-04,Bourg-Ancien,8194.0,7685.481273946315,508.518726053685
2025-09-05,Bourg-Ancien,7859.71,7558.257739942803,301.45226005719724
2025-09-06,Bourg-Ancien,4644.32,4468.329308493816,175.9906915061838
2025-09-07,Bourg-Ancien,4169.7,4417.297064525975,247.59706452597493
2025-09-08,Bourg-Ancien,7845.599999999999,5546.51020435001,2299.0897956499894
2025-09-09,Bourg-Ancien,6983.71,7729.712269980368,746.0022699803676
2025-09-10,Bourg-Ancien,7907.26,7599.04797266995,308.21202733005066
2025-09-11,Bourg-Ancien,7774.67,7892.942301728663,118.27230172866257
2025-09-12,Bourg-Ancien,8048.96,7786.608027386848,262.3519726131517
2025-09-13,Bourg-Ancien,5255.84,5118.574061360167,137.2659386398327
2025-09-14,Bourg-Ancien,2623.77,4375.290549118104,1751.5205491181036
2025-09-15,Bourg-Ancien,7539.34,8796.491194521404,1257.1511945214042
2025-09-16,Bourg-Ancien,7967.72,7070.491568050637,897.2284319493629
2025-09-17,Bourg-Ancien,7949.9800000000005,8116.2628339443345,166.28283394433402
2025-09-18,Bourg-Ancien,7928.77,7817.558044479741,111.21195552025983
2025-09-19,Bourg-Ancien,7477.820000000001,7825.093006737488,347.2730067374878
2025-09-20,Bourg-Ancien,4885.8099999999995,5242.97402741061,357.1640274106103
2025-09-21,Bourg-Ancien,4338.76,5972.4743997045,1633.7143997044996
2025-09-22,Bourg-Ancien,8066.59,8563.83084429378,497.24084429377945
2025-09-23,Bourg-Ancien,7869.460000000001,7546.563239935195,322.8967600648057
2025-09-24,Bourg-Ancien,6901.46,7626.244006184642,724.7840061846418
2025-09-25,Bourg-Ancien,8075.16,8015.221850356066,59.938149643933684
2025-09-26,Bourg-Ancien,8465.59,8106.148680572503,359.44131942749755
2025-09-27,Bourg-Ancien,4638.84,5243.024680579367,604.1846805793666
2025-09-28,Bourg-Ancien,4728.88,3819.929712369273,908.950287630727
2025-09-29,Bourg-Ancien,8104.0599999999995,7906.474722469533,197.58527753046656
2025-09-30,Bourg-Ancien,8363.44,9102.053320507937,738.6133205079368
2025-10-01,Bourg-Ancien,7794.51,7312.884526481479,481.6254735185212
2025-10-02,Bourg-Ancien,8515.63,8778.041593237986,262.4115932379864
2025-10-03,Bourg-Ancien,7570.160000000001,8015.290665394276,445.13066539427564
2025-10-04,Bourg-Ancien,4963.23,5316.849420508972,353.6194205089723
2025-10-05,Bourg-Ancien,4557.84,5739.195810764404,1181.355810764404
2025-10-06,Bourg-Ancien,7881.0,7760.3172944472535,120.68270555274648
2025-10-07,Bourg-Ancien,7790.25,8925.941573650794,1135.6915736507945
2025-10-08,Bourg-Ancien,8806.75,7335.041129042701,1471.708870957299
2025-10-09,Bourg-Ancien,8182.570000000001,8909.901967857146,727.3319678571452
2025-10-10,Bourg-Ancien,7698.83,8566.582187989417,867.7521879894175
2025-10-11,Bourg-Ancien,4739.16,5333.2263348267925,594.0663348267926
2025-10-12,Bourg-Ancien,4548.81,5730.771677973948,1181.9616779739472
2025-10-13,Bourg-Ancien,8288.05,8753.358629642136,465.308629642137
2025-10-14,Bourg-Ancien,8486.4,8454.617894615141,31.78210538485837
2025-10-15,Bourg-Ancien,8512.83,9077.150590841273,564.3205908412729
2025-10-16,Bourg-Ancien,7942.530000000001,9338.950575451898,1396.420575451897
2025-10-17,Bourg-Ancien,8374.59,8008.224050029245,366.36594997075554
2025-10-18,Bourg-Ancien,5196.4400000000005,5933.881378998486,737.4413789984856
2025-10-19,Bourg-Ancien,4935.31,5451.47505468913,516.1650546891296
2025-10-20,Bourg-Ancien,8553.39,8903.232143934216,349.84214393421644
2025-10-21,Bourg-Ancien,8945.02,8897.443436788051,47.57656321194918
2025-10-22,Bourg-Ancien,8385.85,8894.654376283468,508.8043762834677
2025-10-23,Bourg-Ancien,7621.38,7945.951369366642,324.5713693666421
2025-10-24,Bourg-Ancien,8655.84,8554.710439407638,101.1295605923624
2025-10-25,Bourg-Ancien,4992.5199999999995,5679.903663052026,687.3836630520263
2025-10-26,Bourg-Ancien,4122.42,5593.508889443908,1471.0888894439076
2025-10-27,Bourg-Ancien,8607.16,9723.39853153753,1116.2385315375304
2025-10-28,Bourg-Ancien,8928.52,8939.538482567197,11.01848256719677
2025-10-29,Bourg-Ancien,8137.759999999999,9817.690850530575,1679.9308505305753
2025-10-30,Bourg-Ancien,8100.070000000001,8970.345844417056,870.2758444170549
2025-10-31,Bourg-Ancien,8443.03,8982.066718687105,539.0367186871044
2025-11-01,Bourg-Ancien,4531.12,5628.559473676752,1097.4394736767517
2025-11-02,Bourg-Ancien,5596.16,4381.592577017697,1214.5674229823026
2025-11-03,Bourg-Ancien,9029.449999999999,8869.19609474771,160.25390525228977
2025-11-04,Bourg-Ancien,8068.2,9223.305653351723,1155.105653351723
2025-11-05,Bourg-Ancien,8330.55,8802.87451494408,472.3245149440809
2025-11-06,Bourg-Ancien,9391.289999999999,8475.375996236273,915.9140037637262
2025-11-07,Bourg-Ancien,7956.96,9341.482480779534,1384.522480779534
2025-11-08,Bourg-Ancien,5443.42,5436.87280615467,6.547193845330185
2025-11-09,Bourg-Ancien,5309.41,5696.41079499143,387.00079499142976
2025-11-10,Bourg-Ancien,7394.120000000001,9421.206702885047,2027.0867028850462
2025-11-11,Bourg-Ancien,9193.07,8547.769713237447,645.3002867625528
2025-11-12,Bourg-Ancien,9073.01,9507.381900742299,434.37190074229875
2025-11-13,Bourg-Ancien,8434.11,9348.850624263834,914.7406242638335
2025-11-14,Bourg-Ancien,7979.620000000001,8570.968983606204,591.3489836062035
2025-11-15,Bourg-Ancien,4775.6,5993.117369819589,1217.5173698195886
2025-11-16,Bourg-Ancien,5414.57,6145.5618443749345,730.9918443749348
2025-11-17,Bourg-Ancien,9457.539999999999,7840.014733764547,1617.5252662354524
2025-11-18,Bourg-Ancien,8199.22,9459.398168879661,1260.1781688796618
2025-11-19,Bourg-Ancien,9029.16,8865.336575328141,163.82342467185845
2025-11-20,Bourg-Ancien,8552.56,8435.075623779368,117.48437622063102
2025-11-21,Bourg-Ancien,7876.73,8890.438033981838,1013.7080339818385
2025-11-22,Bourg-Ancien,5436.21,6317.317998566938,881.1079985669376
2025-11-23,Bourg-Ancien,5609.82,5658.515070746312,48.69507074631201
2025-11-24,Bourg-Ancien,9305.63,8310.656402575805,994.9735974241939
2025-11-25,Bourg-Ancien,9348.68,9232.937441762931,115.7425582370688
2025-11-26,Bourg-Ancien,5694.32,9980.236310410388,4285.916310410388
2025-11-27,Bourg-Ancien,8233.75,8896.724082208524,662.9740822085241
2025-11-28,Bourg-Ancien,9062.65,8615.940632698415,446.7093673015843
2025-11-29,Bourg-Ancien,5324.04,5955.065271958572,631.0252719585724
2025-11-30,Bourg-Ancien,5651.11,5914.906108661809,263.79610866180974
2025-12-01,Bourg-Ancien,8964.28,8627.125396641772,337.154603358229
2025-12-02,Bourg-Ancien,8602.94,9227.377646456584,624.437646456583
2025-12-03,Bourg-Ancien,9009.17,6847.966042217502,2161.203957782498
2025-12-04,Bourg-Ancien,8797.38,9657.566292825142,860.186292825143
2025-12-05,Bourg-Ancien,8797.23,9460.575587501315,663.3455875013151
2025-12-06,Bourg-Ancien,4788.4800000000005,5618.703489719625,830.2234897196249
2025-12-07,Bourg-Ancien,2608.81,6413.204920850661,3804.3949208506615
2025-12-08,Bourg-Ancien,9379.46,9225.04817654189,154.4118234581092
2025-12-09,Bourg-Ancien,8713.64,8698.287545129262,15.352454870737347
2025-12-10,Bourg-Ancien,9723.83,7806.838286558304,1916.9917134416955
2025-12-11,Bourg-Ancien,13714.82,8957.218048879551,4757.601951120449
2025-12-12,Bourg-Ancien,9093.22,11059.775189326645,1966.5551893266456
2025-12-13,Bourg-Ancien,5132.25,6204.820606987644,1072.5706069876442
2025-12-14,Bourg-Ancien,6288.650000000001,6544.654310000002,256.00431000000117
2025-12-15,Bourg-Ancien,9201.04,10383.75127863453,1182.7112786345297
2025-12-16,Bourg-Ancien,8888.33,10752.265852284261,1863.9358522842613
2025-12-17,Bourg-Ancien,9242.119999999999,11287.175364802932,2045.0553648029327
2025-12-18,Bourg-Ancien,9809.94,11718.419256852347,1908.4792568523462
2025-12-19,Bourg-Ancien,8342.74,10531.590683424984,2188.850683424984
2025-12-20,Bourg-Ancien,5701.650000000001,6026.038886548742,324.38888654874154
2025-12-21,Bourg-Ancien,5440.31,6069.864995112049,629.5549951120483
2025-12-22,Bourg-Ancien,8949.29,10204.076647309077,1254.7866473090762
2025-12-23,Bourg-Ancien,8846.42,10586.52905524309,1740.1090552430906
2025-12-24,Bourg-Ancien,8901.58,10234.20627168727,1332.6262716872698
2025-12-25,Bourg-Ancien,10197.02,10818.01406821779,620.9940682177894
2025-12-26,Bourg-Ancien,8587.85,10653.78621045726,2065.936210457259
2025-12-27,Bourg-Ancien,6727.0,6898.143466213477,171.14346621347704
2025-12-28,Bourg-Ancien,5843.84,7110.554218589383,1266.7142185893827
2025-12-29,Bourg-Ancien,9318.61,10891.414333363406,1572.804333363405
2025-12-30,Bourg-Ancien,9543.49,11043.342453600255,1499.852453600255
2025-12-31,Bourg-Ancien,8898.09,10438.524837970226,1540.434837970226
2025-08-11,Centre-Ville,8378.02,8585.422994022123,207.40299402212258
2025-08-12,Centre-Ville,8319.16,8343.204635093669,24.044635093669058
2025-08-13,Centre-Ville,8150.53,8611.133920213608,460.60392021360803
2025-08-14,Centre-Ville,8981.949999999999,8340.714868155155,641.2351318448436
2025-08-15,Centre-Ville,7793.31,10587.897306740968,2794.5873067409675
2025-08-16,Centre-Ville,4370.37,4284.4309046798035,85.93909532019643
2025-08-17,Centre-Ville,4735.86,5105.018845032363,369.1588450323634
2025-08-18,Centre-Ville,9039.76,8462.999668451277,576.7603315487231
2025-08-19,Centre-Ville,7932.42,8605.920158479215,673.5001584792153
2025-08-20,Centre-Ville,8275.22,8358.62036024822,83.40036024822075
2025-08-21,Centre-Ville,8130.97,8856.858442245619,725.8884422456185
2025-08-22,Centre-Ville,8231.8,8032.504406278372,199.29559372162748
2025-08-23,Centre-Ville,4812.75,4079.9722848201795,732.7777151798205
2025-08-24,Centre-Ville,4993.69,5035.938239456164,42.24823945616481
2025-08-25,Centre-Ville,13078.650000000001,8922.370939768649,4156.279060231353
2025-08-26,Centre-Ville,8210.85,8586.4729022752,375.6229022751995
2025-08-27,Centre-Ville,8480.18,8564.415513439539,84.23551343953841
2025-08-28,Centre-Ville,14312.4,8798.088549784441,5514.311450215559
2025-08-29,Centre-Ville,9047.98,8496.840332947222,551.1396670527774
2025-08-30,Centre-Ville,4603.95,5920.1783695406675,1316.2283695406677
2025-08-31,Centre-Ville,5171.9,5102.170420881829,69.72957911817048
2025-09-01,Centre-Ville,7478.25,8821.90653720442,1343.6565372044206
2025-09-02,Centre-Ville,8233.2,8461.70257652773,228.50257652772962
2025-09-03,Centre-Ville,8232.15,8695.547402013886,463.3974020138867
2025-09-04,Centre-Ville,7732.75,8853.901164069444,1121.1511640694443
2025-09-05,Centre-Ville,7994.61,9479.339880483698,1484.7298804836983
2025-09-06,Centre-Ville,4528.38,5140.179482762729,611.799482762729
2025-09-07,Centre-Ville,4746.29,5118.518533631779,372.2285336317791
2025-09-08,Centre-Ville,8527.36,9068.204014218565,540.8440142185646
2025-09-09,Centre-Ville,8749.47,8236.495324715223,512.9746752847768
2025-09-10,Centre-Ville,8617.45,8907.093567078051,289.6435670780502
2025-09-11,Centre-Ville,8395.16,9243.250189607887,848.0901896078867
2025-09-12,Centre-Ville,8832.35,9214.863225983037,382.51322598303705
2025-09-13,Centre-Ville,5056.17,5101.021373651261,44.851373651260474
2025-09-14,Centre-Ville,4834.33,4996.631883479115,162.30188347911462
2025-09-15,Centre-Ville,8607.55,8479.026301029939,128.52369897006065
2025-09-16,Centre-Ville,8550.06,9350.850129512568,800.7901295125685
2025-09-17,Centre-Ville,8724.03,9195.351726720673,471.3217267206728
2025-09-18,Centre-Ville,8587.7,8806.380546568282,218.680546568281
2025-09-19,Centre-Ville,8298.9,9457.979949805505,1159.0799498055057
2025-09-20,Centre-Ville,5151.05,5404.399828483481,253.34982848348045
2025-09-21,Centre-Ville,5196.75,5007.543332737423,189.20666726257696
2025-09-22,Centre-Ville,8576.23,8596.27470452144,20.044704521440508
2025-09-23,Centre-Ville,7942.55,8689.499361159309,746.9493611593089
2025-09-24,Centre-Ville,8732.76,8692.924987451199,39.83501254880139
2025-09-25,Centre-Ville,8562.5,8652.063798569046,89.56379856904641
2025-09-26,Centre-Ville,7818.4,8666.26859025347,847.8685902534708
2025-09-27,Centre-Ville,4742.33,5450.709802275427,708.3798022754272
2025-09-28,Centre-Ville,4799.55,5189.761896319325,390.2118963193252
2025-09-29,Centre-Ville,8114.31,8796.431181910704,682.1211819107039
2025-09-30,Centre-Ville,9625.81,9749.347645358039,123.5376453580393
2025-10-01,Centre-Ville,8956.03,8718.551204037705,237.4787959622954
2025-10-02,Centre-Ville,8676.23,8861.405288336588,185.17528833658798
2025-10-03,Centre-Ville,7843.23,9322.690107400482,1479.4601074004822
2025-10-04,Centre-Ville,4559.29,5246.889090208263,687.5990902082631
2025-10-05,Centre-Ville,5276.4800000000005,5061.064799502659,215.41520049734117
2025-10-06,Centre-Ville,9515.22,9459.157283120087,56.06271687991284
2025-10-07,Centre-Ville,7707.5199999999995,9770.839673169517,2063.319673169518
2025-10-08,Centre-Ville,8974.1,9535.175640070414,561.075640070414
2025-10-09,Centre-Ville,9005.6,11005.314394841937,1999.7143948419362
2025-10-10,Centre-Ville,9264.91,8827.262425952676,437.64757404732336
2025-10-11,Centre-Ville,4737.3,5471.1771922769185,733.8771922769183
2025-10-12,Centre-Ville,4608.4,5475.088319219371,866.6883192193718
2025-10-13,Centre-Ville,8587.29,8905.956241587155,318.6662415871542
2025-10-14,Centre-Ville,9434.44,9339.681359014148,94.75864098585225
2025-10-15,Centre-Ville,8357.83,10403.323218624933,2045.4932186249334
2025-10-16,Centre-Ville,9444.21,10587.64051245308,1143.4305124530802
2025-10-17,Centre-Ville,8271.26,9436.26541409861,1165.0054140986103
2025-10-18,Centre-Ville,5302.52,5536.924977741556,234.40497774155574
2025-10-19,Centre-Ville,5413.7,5367.029427811302,46.670572188697406
2025-10-20,Centre-Ville,7785.95,8753.179821206022,967.2298212060223
2025-10-21,Centre-Ville,9655.16,9163.603181749255,491.556818250745
2025-10-22,Centre-Ville,9383.03,9922.409262705522,539.3792627055209
2025-10-23,Centre-Ville,9325.89,9898.092641950818,572.2026419508184
2025-10-24,Centre-Ville,9368.09,10631.161260546352,1263.0712605463523
2025-10-25,Centre-Ville,4811.79,5791.505014341279,979.7150143412791
2025-10-26,Centre-Ville,7012.02,5473.316297840973,1538.7037021590277
2025-10-27,Centre-Ville,7876.63,8723.770575028951,847.1405750289514
2025-10-28,Centre-Ville,8482.210000000001,8887.026042595917,404.81604259591586
2025-10-29,Centre-Ville,8286.11,8865.054625311135,578.9446253111346
2025-10-30,Centre-Ville,10423.6,9888.256358405732,535.3436415942688
2025-10-31,Centre-Ville,8398.67,10066.608574443313,1667.938574443313
2025-11-01,Centre-Ville,5098.82,5500.875429533743,402.05542953374334
2025-11-02,Centre-Ville,4963.17,5735.588908929133,772.4189089291331
2025-11-03,Centre-Ville,9074.289999999999,9453.794061380762,379.50406138076323
2025-11-04,Centre-Ville,8949.33,10321.571531104977,1372.2415311049772
2025-11-05,Centre-Ville,9523.17,10939.334744739506,1416.1647447395062
2025-11-06,Centre-Ville,9358.44,9801.433001078374,442.9930010783737
2025-11-07,Centre-Ville,8876.41,10582.237112670531,1705.8271126705313
2025-11-08,Centre-Ville,4931.75,5697.598532992662,765.8485329926616
2025-11-09,Centre-Ville,5850.78,6144.892902541162,294.11290254116193
2025-11-10,Centre-Ville,10094.460000000001,9673.434584330997,421.02541566900436
2025-11-11,Centre-Ville,8666.140000000001,10140.72587111191,1474.585871111909
2025-11-12,Centre-Ville,8274.7,10446.426385597757,2171.7263855977562
2025-11-13,Centre-Ville,10274.31,9666.746715740735,607.563284259264
2025-11-14,Centre-Ville,10132.56,10819.62523422271,687.0652342227113
2025-11-15,Centre-Ville,5920.69,5577.326801532656,343.36319846734386
2025-11-16,Centre-Ville,5350.0,5518.13492629657,168.13492629656957
2025-11-17,Centre-Ville,9158.1,9223.05437757552,64.95437757551917
2025-11-18,Centre-Ville,10496.76,11731.021614485086,1234.2616144850854
2025-11-19,Centre-Ville,10084.46,11243.908364126526,1159.448364126527
2025-11-20,Centre-Ville,10336.82,10469.65035034402,132.8303503440202
2025-11-21,Centre-Ville,7591.69,10384.415093864387,2792.7250938643874
2025-11-22,Centre-Ville,5341.47,6143.887480903404,802.4174809034039
2025-11-23,Centre-Ville,5513.01,5706.020348022795,193.01034802279446
2025-11-24,Centre-Ville,10855.85,10862.25672528352,6.406725283519336
2025-11-25,Centre-Ville,9609.48,10038.825755767919,429.3457557679194
2025-11-26,Centre-Ville,9154.08,10221.53398727341,1067.4539872734094
2025-11-27,Centre-Ville,16746.92,10002.714178917633,6744.205821082365
2025-11-28,Centre-Ville,10550.17,9868.21279626546,681.9572037345406
2025-11-29,Centre-Ville,5947.37,6356.184064938395,408.81406493839495
2025-11-30,Centre-Ville,5534.58,5820.572308653233,285.9923086532335
2025-12-01,Centre-Ville,9677.14,10243.520498606118,566.3804986061186
2025-12-02,Centre-Ville,9238.72,10631.0294423761,1392.3094423761013
2025-12-03,Centre-Ville,10326.19,10661.782732961266,335.59273296126594
2025-12-04,Centre-Ville,10332.6,10862.428430533626,529.8284305336256
2025-12-05,Centre-Ville,9795.36,9468.55710243988,326.802897560121
2025-12-06,Centre-Ville,10941.45,6426.655302462244,4514.794697537756
2025-12-07,Centre-Ville,6500.7699999999995,7048.737365537365,547.9673655373654
2025-12-08,Centre-Ville,9553.68,10822.588386571377,1268.9083865713765
2025-12-09,Centre-Ville,9835.4,10623.536871082846,788.1368710828465
2025-12-10,Centre-Ville,10879.48,11589.044715495404,709.564715495404
2025-12-11,Centre-Ville,15598.03,11507.66626323161,4090.3637367683914
2025-12-12,Centre-Ville,10116.83,11572.21005356614,1455.3800535661394
2025-12-13,Centre-Ville,6353.9400000000005,7642.340110767418,1288.4001107674176
2025-12-14,Centre-Ville,6676.42,6559.103965293363,117.31603470663686
2025-12-15,Centre-Ville,14946.04,10238.161380918482,4707.878619081519
2025-12-16,Centre-Ville,12270.21,12599.067717674456,328.8577176744566
2025-12-17,Centre-Ville,10133.84,12306.181662938543,2172.341662938543
2025-12-18,Centre-Ville,10538.19,10761.499722004812,223.3097220048112
2025-12-19,Centre-Ville,9657.17,10237.566353236249,580.3963532362486
2025-12-20,Centre-Ville,5643.33,8975.799366630654,3332.469366630654
2025-12-21,Centre-Ville,5533.8,6775.691885685798,1241.8918856857981
2025-12-22,Centre-Ville,10140.95,13004.815072427285,2863.8650724272848
2025-12-23,Centre-Ville,10159.44,10441.047305133561,281.60730513356066
2025-12-24,Centre-Ville,16313.3,10982.989551173638,5330.310448826362
2025-12-25,Centre-Ville,10273.13,14350.972301000598,4077.842301000599
2025-12-26,Centre-Ville,10906.92,11595.05160570346,688.1316057034601
2025-12-27,Centre-Ville,6817.9,7020.720991208276,202.8209912082766
2025-12-28,Centre-Ville,5887.110000000001,7004.112853583107,1117.0028535831061
2025-12-29,Centre-Ville,9698.09,12831.039803697218,3132.949803697218
2025-12-30,Centre-Ville,9070.63,10778.36426273977,1707.7342627397702
2025-12-31,Centre-Ville,10071.06,10689.444804295148,618.3848042951486
2025-08-11,Coteaux-Ouest,1083.19,1096.518286654211,13.328286654210842
2025-08-12,Coteaux-Ouest,1083.02,1116.3589210602179,33.3389210602179
2025-08-13,Coteaux-Ouest,1095.46,1116.2081737818255,20.74817378182547
2025-08-14,Coteaux-Ouest,1069.94,1165.830725368513,95.8907253685129
2025-08-15,Coteaux-Ouest,1211.03,1111.5684459779004,99.46155402209956
2025-08-16,Coteaux-Ouest,852.71,898.920075657289,46.21007565728894
2025-08-17,Coteaux-Ouest,894.51,866.3130040467411,28.19699595325892
2025-08-18,Coteaux-Ouest,1035.12,1113.4498719788396,78.32987197883972
2025-08-19,Coteaux-Ouest,1087.29,1108.9602285607646,21.6702285607646
2025-08-20,Coteaux-Ouest,1713.55,1110.4695661828237,603.0804338171763
2025-08-21,Coteaux-Ouest,1074.64,1164.8814346503752,90.24143465037514
2025-08-22,Coteaux-Ouest,1098.56,1144.7872974450102,46.22729744501021
2025-08-23,Coteaux-Ouest,868.45,895.5505638016401,27.100563801640078
2025-08-24,Coteaux-Ouest,869.28,875.2663168448677,5.9863168448677015
2025-08-25,Coteaux-Ouest,1087.59,1085.6089717782716,1.9810282217283657
2025-08-26,Coteaux-Ouest,1063.28,1130.128677818154,66.8486778181541
2025-08-27,Coteaux-Ouest,1135.25,1135.3301033391376,0.08010333913762224
2025-08-28,Coteaux-Ouest,1450.96,1171.023272148484,279.936727851516
2025-08-29,Coteaux-Ouest,1273.73,1234.292694756446,39.437305243553965
2025-08-30,Coteaux-Ouest,904.9300000000001,922.4331093287612,17.503109328761184
2025-08-31,Coteaux-Ouest,867.55,869.9203635337097,2.370363533709792
2025-09-01,Coteaux-Ouest,1080.91,1121.331454376773,40.421454376773
2025-09-02,Coteaux-Ouest,1199.71,1185.9198520697973,13.790147930202693
2025-09-03,Coteaux-Ouest,1097.49,1140.4489270598942,42.95892705989422
2025-09-04,Coteaux-Ouest,1084.09,1129.5384457568052,45.44844575680531
2025-09-05,Coteaux-Ouest,1159.79,1246.94195536918,87.15195536918009
2025-09-06,Coteaux-Ouest,1039.01,954.6050192922308,84.40498070776914
2025-09-07,Coteaux-Ouest,887.81,902.743710758666,14.933710758666052
2025-09-08,Coteaux-Ouest,1326.41,1260.7998464242642,65.61015357573592
2025-09-09,Coteaux-Ouest,1040.89,1147.7279107774827,106.83791077748265
2025-09-10,Coteaux-Ouest,1091.68,1125.2807766110623,33.6007766110622
2025-09-11,Coteaux-Ouest,1064.1,1210.4819444107882,146.38194441078826
2025-09-12,Coteaux-Ouest,1203.14,1244.953814614949,41.8138146149488
2025-09-13,Coteaux-Ouest,824.65,944.534458642955,119.884458642955
2025-09-14,Coteaux-Ouest,902.01,866.4414954532263,35.56850454677374
2025-09-15,Coteaux-Ouest,1079.74,1165.5954223840881,85.85542238408811
2025-09-16,Coteaux-Ouest,1115.24,1077.3615403018803,37.87845969811974
2025-09-17,Coteaux-Ouest,1111.6,1123.3343014148243,11.734301414824358
2025-09-18,Coteaux-Ouest,1129.63,1133.0791289876177,3.4491289876175415
2025-09-19,Coteaux-Ouest,1045.79,1132.456043620931,86.66604362093108
2025-09-20,Coteaux-Ouest,1101.99,1029.0957227336687,72.8942772663313
2025-09-21,Coteaux-Ouest,830.73,894.372619758996,63.642619758996034
2025-09-22,Coteaux-Ouest,1161.85,1208.1273825553917,46.277382555391796
2025-09-23,Coteaux-Ouest,1086.39,1164.2821329193105,77.89213291931037
2025-09-24,Coteaux-Ouest,1158.46,1244.4810886741836,86.0210886741836
2025-09-25,Coteaux-Ouest,1132.83,1197.2009821599524,64.37098215995252
2025-09-26,Coteaux-Ouest,1272.15,1171.093070264772,101.0569297352281
2025-09-27,Coteaux-Ouest,1103.29,1090.1515511928226,13.138448807177383
2025-09-28,Coteaux-Ouest,947.29,1005.7857727471617,58.49577274716171
2025-09-29,Coteaux-Ouest,1478.28,1312.3857700958606,165.89422990413937
2025-09-30,Coteaux-Ouest,1118.1399999999999,1184.4653778861139,66.32537788611398
2025-10-01,Coteaux-Ouest,1251.78,1220.499703948129,31.28029605187089
2025-10-02,Coteaux-Ouest,1329.98,1337.7014766950285,7.721476695028514
2025-10-03,Coteaux-Ouest,1627.4,1301.0955545023119,326.3044454976882
2025-10-04,Coteaux-Ouest,1028.63,1292.164380853529,263.534380853529
2025-10-05,Coteaux-Ouest,1002.52,994.064019107649,8.455980892351022
2025-10-06,Coteaux-Ouest,1662.76,1313.7357505104246,349.02424948957537
2025-10-07,Coteaux-Ouest,1324.18,1275.3829977608598,48.797002239140284
2025-10-08,Coteaux-Ouest,1280.73,1301.3130322062646,20.583032206264534
2025-10-09,Coteaux-Ouest,1181.42,1384.762046397216,203.34204639721588
2025-10-10,Coteaux-Ouest,1259.26,1391.8317657480736,132.57176574807363
2025-10-11,Coteaux-Ouest,984.29,1116.1223843273424,131.83238432734242
2025-10-12,Coteaux-Ouest,1069.47,1050.5769456106955,18.893054389304552
2025-10-13,Coteaux-Ouest,1534.27,1439.8157027877805,94.45429721221944
2025-10-14,Coteaux-Ouest,1597.03,1366.4072892057238,230.62271079427614
2025-10-15,Coteaux-Ouest,1923.8799999999999,1410.7988706886035,513.0811293113964
2025-10-16,Coteaux-Ouest,1412.97,1443.0915544465427,30.121554446542632
2025-10-17,Coteaux-Ouest,1288.72,1400.8594778345328,112.13947783453273
2025-10-18,Coteaux-Ouest,1482.86,1086.301053214359,396.55894678564096
2025-10-19,Coteaux-Ouest,1259.49,1260.849803442309,1.3598034423089302
2025-10-20,Coteaux-Ouest,1243.57,1495.926212038536,252.3562120385361
2025-10-21,Coteaux-Ouest,1432.21,1492.4381828649305,60.22818286493043
2025-10-22,Coteaux-Ouest,1234.74,1388.0925707395054,153.35257073950538
2025-10-23,Coteaux-Ouest,1372.57,1387.1645365798418,14.594536579841815
2025-10-24,Coteaux-Ouest,1121.93,1407.4825305263707,285.5525305263707
2025-10-25,Coteaux-Ouest,1076.35,1175.6084221048848,99.25842210488486
2025-10-26,Coteaux-Ouest,1633.08,1226.218154091226,406.86184590877383
2025-10-27,Coteaux-Ouest,1720.21,1457.7627130118467,262.44728698815334
2025-10-28,Coteaux-Ouest,1674.8899999999999,1522.3728747053544,152.51712529464544
2025-10-29,Coteaux-Ouest,1556.51,1463.193401949719,93.31659805028107
2025-10-30,Coteaux-Ouest,1514.47,1530.36158087065,15.891580870649932
2025-10-31,Coteaux-Ouest,1441.14,1389.9916461785883,51.148353821411774
2025-11-01,Coteaux-Ouest,1237.63,1506.223293856164,268.5932938561639
2025-11-02,Coteaux-Ouest,1576.75,1386.4390822253022,190.31091777469783
2025-11-03,Coteaux-Ouest,1586.07,1645.417396593205,59.347396593205076
2025-11-04,Coteaux-Ouest,1305.72,1516.450462954168,210.73046295416793
2025-11-05,Coteaux-Ouest,1533.75,1440.7377701561518,93.01222984384822
2025-11-06,Coteaux-Ouest,1735.48,1587.3147025698997,148.16529743010028
2025-11-07,Coteaux-Ouest,1461.31,1570.6298123423558,109.31981234235582
2025-11-08,Coteaux-Ouest,1305.11,1331.9911997925983,26.88119979259841
2025-11-09,Coteaux-Ouest,1303.05,1508.2336790297707,205.1836790297707
2025-11-10,Coteaux-Ouest,1641.15,1585.0059907560578,56.144009243942264
2025-11-11,Coteaux-Ouest,1738.36,1614.1359216644714,124.22407833552847
2025-11-12,Coteaux-Ouest,1748.3700000000001,1798.90505448365,50.5350544836499
2025-11-13,Coteaux-Ouest,1837.92,1904.4280575142836,66.50805751428356
2025-11-14,Coteaux-Ouest,1784.25,1896.2147612958217,111.96476129582175
2025-11-15,Coteaux-Ouest,1301.23,1435.5633181636322,134.33331816363216
2025-11-16,Coteaux-Ouest,1412.52,1533.4678360914013,120.94783609140131
2025-11-17,Coteaux-Ouest,1665.25,1721.79645456986,56.54645456986009
2025-11-18,Coteaux-Ouest,1327.83,1553.357484529217,225.52748452921696
2025-11-19,Coteaux-Ouest,1645.23,1613.1730035786738,32.056996421326176
2025-11-20,Coteaux-Ouest,3027.14,1724.657555237407,1302.4824447625929
2025-11-21,Coteaux-Ouest,1738.55,1685.304386387424,53.24561361257588
2025-11-22,Coteaux-Ouest,1653.35,1527.733213741693,125.616786258307
2025-11-23,Coteaux-Ouest,1293.8899999999999,1460.1981593269559,166.308159326956
2025-11-24,Coteaux-Ouest,1598.44,1596.2769905781045,2.1630094218955946
2025-11-25,Coteaux-Ouest,1892.0,1665.0134389389996,226.98656106100043
2025-11-26,Coteaux-Ouest,1638.36,1848.698796227165,210.33879622716518
2025-11-27,Coteaux-Ouest,1606.47,1818.7950335112882,212.3250335112882
2025-11-28,Coteaux-Ouest,1514.15,1679.2521905237174,165.10219052371735
2025-11-29,Coteaux-Ouest,1284.98,1407.030295242622,122.05029524262204
2025-11-30,Coteaux-Ouest,1520.55,1555.8791591022787,35.32915910227871
2025-12-01,Coteaux-Ouest,1561.35,1544.9413178387113,16.408682161288652
2025-12-02,Coteaux-Ouest,1913.97,1693.2538327718025,220.7161672281975
2025-12-03,Coteaux-Ouest,1550.8,1629.3839764880843,78.58397648808432
2025-12-04,Coteaux-Ouest,3145.2400000000002,1934.1024520661733,1211.137547933827
2025-12-05,Coteaux-Ouest,1914.03,1903.7834464033417,10.24655359665826
2025-12-06,Coteaux-Ouest,1515.19,1640.252971218049,125.06297121804892
2025-12-07,Coteaux-Ouest,1441.76,1542.479884503567,100.71988450356707
2025-12-08,Coteaux-Ouest,1853.08,1990.4825197797115,137.4025197797116
2025-12-09,Coteaux-Ouest,1577.02,1786.2951015565413,209.27510155654136
2025-12-10,Coteaux-Ouest,2336.43,1992.8177178839355,343.6122821160643
2025-12-11,Coteaux-Ouest,1899.23,2008.4338187103597,109.20381871035966
2025-12-12,Coteaux-Ouest,4449.6,1986.9847423022088,2462.6152576977915
2025-12-13,Coteaux-Ouest,1593.17,1827.9948651087805,234.8248651087804
2025-12-14,Coteaux-Ouest,1419.72,1666.7528247796654,247.03282477966536
2025-12-15,Coteaux-Ouest,2087.41,2085.625869985248,1.7841300147520087
2025-12-16,Coteaux-Ouest,1752.33,2004.254896816195,251.9248968161951
2025-12-17,Coteaux-Ouest,2154.87,2161.6579033681974,6.787903368197476
2025-12-18,Coteaux-Ouest,1632.81,2067.81142182985,435.0014218298502
2025-12-19,Coteaux-Ouest,1899.38,2029.2560701721711,129.876070172171
2025-12-20,Coteaux-Ouest,1784.85,1803.6501686411837,18.800168641183745
2025-12-21,Coteaux-Ouest,1858.32,1699.9513633513511,158.36863664864882
2025-12-22,Coteaux-Ouest,1721.42,1903.7414462386014,182.3214462386013
2025-12-23,Coteaux-Ouest,1826.98,1937.060525010499,110.08052501049906
2025-12-24,Coteaux-Ouest,1633.82,1865.5201571986115,231.70015719861158
2025-12-25,Coteaux-Ouest,2030.49,1884.0723002892971,146.4176997107029
2025-12-26,Coteaux-Ouest,1815.57,2096.010075245398,280.44007524539825
2025-12-27,Coteaux-Ouest,1388.94,1727.4214287102272,338.4814287102272
2025-12-28,Coteaux-Ouest,1309.01,1752.2948178573474,443.28481785734743
2025-12-29,Coteaux-Ouest,1970.3799999999999,1980.477089358354,10.097089358354197
2025-12-30,Coteaux-Ouest,1848.48,1879.2530917434863,30.773091743486248
2025-12-31,Coteaux-Ouest,1941.68,1959.3198915276973,17.639891527697273
2025-08-11,Parc-Tertiaire,9073.59,9148.114697157593,74.52469715759253
2025-08-12,Parc-Tertiaire,9121.22,8907.433264977515,213.7867350224842
2025-08-13,Parc-Tertiaire,8822.84,8965.610085391698,142.77008539169765
2025-08-14,Parc-Tertiaire,10335.5,9801.424942591557,534.0750574084432
2025-08-15,Parc-Tertiaire,8828.779999999999,9192.79059666751,364.010596667511
2025-08-16,Parc-Tertiaire,5114.71,5091.726985889902,22.98301411009834
2025-08-17,Parc-Tertiaire,12509.8,6368.21535440976,6141.584645590239
2025-08-18,Parc-Tertiaire,9199.11,8965.503156116421,233.60684388357913
2025-08-19,Parc-Tertiaire,9365.81,9087.593607188282,278.216392811717
2025-08-20,Parc-Tertiaire,8829.11,8979.023924971865,149.91392497186462
2025-08-21,Parc-Tertiaire,16831.760000000002,9025.902433673393,7805.857566326609
2025-08-22,Parc-Tertiaire,8936.53,8938.516865089323,1.9868650893222366
2025-08-23,Parc-Tertiaire,5198.29,5874.246296555777,675.956296555777
2025-08-24,Parc-Tertiaire,5319.18,6393.898189377872,1074.7181893778716
2025-08-25,Parc-Tertiaire,9273.7,8902.464520411148,371.2354795888532
2025-08-26,Parc-Tertiaire,9012.52,8972.949928067117,39.570071932883366
2025-08-27,Parc-Tertiaire,9258.19,8925.966233159828,332.2237668401722
2025-08-28,Parc-Tertiaire,10687.74,9323.799842290446,1363.9401577095541
2025-08-29,Parc-Tertiaire,8778.95,9751.943707057502,972.9937070575015
2025-08-30,Parc-Tertiaire,5323.89,5125.010676510207,198.87932348979302
2025-08-31,Parc-Tertiaire,4772.87,5796.9771562728765,1024.1071562728766
2025-09-01,Parc-Tertiaire,9078.78,10486.92925856971,1408.1492585697088
2025-09-02,Parc-Tertiaire,9257.57,8952.770844660028,304.79915533997155
2025-09-03,Parc-Tertiaire,8980.58,9032.534293265753,51.95429326575322
2025-09-04,Parc-Tertiaire,9046.22,9450.073624712168,403.8536247121683
2025-09-05,Parc-Tertiaire,9866.58,8954.451331766068,912.1286682339323
2025-09-06,Parc-Tertiaire,5025.04,5666.972009100356,641.9320091003565
2025-09-07,Parc-Tertiaire,5166.76,5058.742032320393,108.01796767960695
2025-09-08,Parc-Tertiaire,9461.74,8941.844996383134,519.8950036168662
2025-09-09,Parc-Tertiaire,9111.45,9196.257540104396,84.80754010439523
2025-09-10,Parc-Tertiaire,9608.54,8958.095430763822,650.4445692361787
2025-09-11,Parc-Tertiaire,9088.55,9587.567003597029,499.01700359702954
2025-09-12,Parc-Tertiaire,9186.83,9061.958400234877,124.87159976512339
2025-09-13,Parc-Tertiaire,5088.35,5494.973353104508,406.62335310450726
2025-09-14,Parc-Tertiaire,5506.65,5315.036089843414,191.61391015658592
2025-09-15,Parc-Tertiaire,9401.17,9026.979386315139,374.1906136848611
2025-09-16,Parc-Tertiaire,9922.27,9011.783465785838,910.486534214162
2025-09-17,Parc-Tertiaire,8913.3,9400.503717787251,487.20371778725166
2025-09-18,Parc-Tertiaire,9321.539999999999,9072.6325879931,248.9074120068999
2025-09-19,Parc-Tertiaire,9301.22,9762.016453381177,460.79645338117734
2025-09-20,Parc-Tertiaire,5453.01,5323.929804532215,129.08019546778542
2025-09-21,Parc-Tertiaire,4631.55,5061.318895714161,429.76889571416086
2025-09-22,Parc-Tertiaire,9018.55,8953.207140492266,65.34285950773301
2025-09-23,Parc-Tertiaire,9937.57,9006.183327806775,931.3866721932245
2025-09-24,Parc-Tertiaire,9731.78,9787.01793746598,55.237937465979485
2025-09-25,Parc-Tertiaire,9490.49,9442.794489088832,47.69551091116773
2025-09-26,Parc-Tertiaire,8983.51,9188.582896320564,205.0728963205638
2025-09-27,Parc-Tertiaire,5611.7,5292.467198726717,319.23280127328326
2025-09-28,Parc-Tertiaire,5175.98,5121.056757241338,54.92324275866122
2025-09-29,Parc-Tertiaire,9576.4,9416.272767017848,160.12723298215133
2025-09-30,Parc-Tertiaire,8642.81,9074.492102354605,431.6821023546054
2025-10-01,Parc-Tertiaire,9791.22,9062.703147038765,728.5168529612347
2025-10-02,Parc-Tertiaire,9598.12,11071.260348390255,1473.140348390254
2025-10-03,Parc-Tertiaire,14150.919999999998,10038.710807943904,4112.209192056094
2025-10-04,Parc-Tertiaire,5156.57,5936.603383069672,780.0333830696727
2025-10-05,Parc-Tertiaire,5453.49,5440.088896309592,13.40110369040758
2025-10-06,Parc-Tertiaire,10527.6,9342.410855772781,1185.189144227219
2025-10-07,Parc-Tertiaire,9290.66,8913.839552784968,376.8204472150319
2025-10-08,Parc-Tertiaire,10030.26,9820.216275277442,210.04372472255818
2025-10-09,Parc-Tertiaire,9070.68,9019.360602985702,51.319397014298374
2025-10-10,Parc-Tertiaire,9135.130000000001,9189.966332581213,54.836332581211536
2025-10-11,Parc-Tertiaire,6066.65,5511.681786818899,554.9682131811005
2025-10-12,Parc-Tertiaire,5795.0,5237.008240707642,557.9917592923584
2025-10-13,Parc-Tertiaire,9868.35,9620.314553683813,248.03544631618752
2025-10-14,Parc-Tertiaire,10029.13,9628.16765200747,400.9623479925285
2025-10-15,Parc-Tertiaire,9870.03,9634.174684345138,235.85531565486235
2025-10-16,Parc-Tertiaire,10489.98,10136.409633655636,353.5703663443637
2025-10-17,Parc-Tertiaire,9551.15,9437.25675334788,113.89324665212007
2025-10-18,Parc-Tertiaire,5270.84,6107.285574035518,836.4455740355179
2025-10-19,Parc-Tertiaire,5523.17,5292.169046074934,231.00095392506591
2025-10-20,Parc-Tertiaire,9727.93,9623.767432981967,104.16256701803286
2025-10-21,Parc-Tertiaire,10394.93,10152.29679972386,242.633200276141
2025-10-22,Parc-Tertiaire,12553.12,9870.965673777526,2682.154326222475
2025-10-23,Parc-Tertiaire,9783.79,9564.265780173044,219.52421982695705
2025-10-24,Parc-Tertiaire,10858.35,9872.321300060363,986.0286999396376
2025-10-25,Parc-Tertiaire,5614.1,5932.28156941938,318.18156941937923
2025-10-26,Parc-Tertiaire,10273.27,5689.570376177475,4583.699623822526
2025-10-27,Parc-Tertiaire,9292.44,9929.197565742634,636.7575657426332
2025-10-28,Parc-Tertiaire,10537.710000000001,10399.24929713198,138.46070286802023
2025-10-29,Parc-Tertiaire,9769.27,10702.947225537098,933.6772255370979
2025-10-30,Parc-Tertiaire,9979.01,9284.844386618724,694.1656133812758
2025-10-31,Parc-Tertiaire,10279.77,10649.523432078528,369.7534320785271
2025-11-01,Parc-Tertiaire,5443.01,6194.480684305544,751.4706843055437
2025-11-02,Parc-Tertiaire,5124.45,6688.569634866975,1564.1196348669755
2025-11-03,Parc-Tertiaire,10413.91,10290.4341304955,123.47586950450022
2025-11-04,Parc-Tertiaire,9811.68,10224.8127289973,413.13272899729964
2025-11-05,Parc-Tertiaire,10380.25,10120.113969375845,260.13603062415496
2025-11-06,Parc-Tertiaire,13515.09,9102.094841755494,4412.9951582445065
2025-11-07,Parc-Tertiaire,10361.869999999999,10261.324544678622,100.54545532137672
2025-11-08,Parc-Tertiaire,5167.62,5840.783699479211,673.1636994792107
2025-11-09,Parc-Tertiaire,5286.92,6633.2190237905015,1346.2990237905015
2025-11-10,Parc-Tertiaire,11110.52,11091.91676768229,18.603232317709626
2025-11-11,Parc-Tertiaire,10859.03,10508.256117141955,350.7738828580459
2025-11-12,Parc-Tertiaire,19088.0,10710.867936264542,8377.132063735458
2025-11-13,Parc-Tertiaire,11274.31,10881.99374747076,392.31625252923914
2025-11-14,Parc-Tertiaire,10320.47,11709.91944250709,1389.4494425070898
2025-11-15,Parc-Tertiaire,6180.1,6138.099015579285,42.00098442071521
2025-11-16,Parc-Tertiaire,6433.5,6057.496033933505,376.0039660664952
2025-11-17,Parc-Tertiaire,8597.19,10195.92907365092,1598.7390736509187
2025-11-18,Parc-Tertiaire,10265.88,9913.917416424052,351.96258357594706
2025-11-19,Parc-Tertiaire,11139.59,10156.709774009778,982.8802259902222
2025-11-20,Parc-Tertiaire,11121.63,10109.485869193612,1012.1441308063877
2025-11-21,Parc-Tertiaire,11673.9,10564.2052177507,1109.6947822493003
2025-11-22,Parc-Tertiaire,5976.89,6266.677775297045,289.7877752970444
2025-11-23,Parc-Tertiaire,6638.72,6013.0480512606,625.6719487394002
2025-11-24,Parc-Tertiaire,10409.71,12020.60229733037,1610.8922973303706
2025-11-25,Parc-Tertiaire,10496.970000000001,10504.17076839674,7.200768396738567
2025-11-26,Parc-Tertiaire,11541.07,10778.897447247624,762.1725527523759
2025-11-27,Parc-Tertiaire,24631.84,13607.596194149026,11024.243805850974
2025-11-28,Parc-Tertiaire,10205.55,11182.548448714719,976.9984487147194
2025-11-29,Parc-Tertiaire,6553.26,6411.822422654383,141.43757734561677
2025-11-30,Parc-Tertiaire,5610.71,5967.527904692581,356.81790469258067
2025-12-01,Parc-Tertiaire,10384.34,10027.625585110238,356.71441488976234
2025-12-02,Parc-Tertiaire,10405.28,11329.646073264528,924.3660732645276
2025-12-03,Parc-Tertiaire,10956.01,10800.060683016396,155.94931698360415
2025-12-04,Parc-Tertiaire,10770.69,12635.12574234689,1864.43574234689
2025-12-05,Parc-Tertiaire,12525.4,11912.651137620584,612.7488623794161
2025-12-06,Parc-Tertiaire,6627.32,6523.1094146686555,104.21058533134419
2025-12-07,Parc-Tertiaire,6498.74,6167.442480535965,331.29751946403485
2025-12-08,Parc-Tertiaire,10619.87,10223.34345363158,396.5265463684209
2025-12-09,Parc-Tertiaire,11325.94,11661.570729772442,335.63072977244155
2025-12-10,Parc-Tertiaire,10539.64,10766.45759648931,226.81759648931074
2025-12-11,Parc-Tertiaire,10854.64,10670.693501786614,183.94649821338498
2025-12-12,Parc-Tertiaire,11455.36,12474.197265134211,1018.8372651342106
2025-12-13,Parc-Tertiaire,6804.9800000000005,6323.43491265197,481.5450873480304
2025-12-14,Parc-Tertiaire,6565.36,6857.027968544497,291.66796854449694
2025-12-15,Parc-Tertiaire,11386.74,10550.810701477149,835.9292985228512
2025-12-16,Parc-Tertiaire,11140.99,10858.160524338224,282.8294756617761
2025-12-17,Parc-Tertiaire,11981.07,11562.130621691409,418.9393783085907
2025-12-18,Parc-Tertiaire,11767.48,11172.561438294977,594.9185617050225
2025-12-19,Parc-Tertiaire,11253.52,11082.324556475818,171.19544352418234
2025-12-20,Parc-Tertiaire,6798.38,6407.7286999782245,390.65130002177557
2025-12-21,Parc-Tertiaire,6778.42,7000.318738404151,221.89873840415112
2025-12-22,Parc-Tertiaire,10264.57,10249.230848597015,15.339151402984498
2025-12-23,Parc-Tertiaire,10931.31,10805.075643038923,126.23435696107663
2025-12-24,Parc-Tertiaire,11419.05,12053.65693775632,634.6069377563199
2025-12-25,Parc-Tertiaire,10872.539999999999,10972.149197986575,99.60919798657596
2025-12-26,Parc-Tertiaire,10698.67,11603.855409095082,905.1854090950819
2025-12-27,Parc-Tertiaire,6326.91,6671.870031543983,344.96003154398295
2025-12-28,Parc-Tertiaire,5916.0199999999995,6827.285543635005,911.2655436350051
2025-12-29,Parc-Tertiaire,11429.21,11491.831822432518,62.62182243251846
2025-12-30,Parc-Tertiaire,11938.1,11628.02726433885,310.07273566114964
2025-12-31,Parc-Tertiaire,11763.76,11194.038878121532,569.7211218784687
2025-08-11,Plateau-Est,839.83,831.495755101344,8.334244898656038
2025-08-12,Plateau-Est,829.61,849.7041738232772,20.094173823277174
2025-08-13,Plateau-Est,800.85,845.1177627758195,44.267762775819506
2025-08-14,Plateau-Est,831.96,842.5741537051541,10.61415370515408
2025-08-15,Plateau-Est,886.17,1229.8788158454904,343.70881584549045
2025-08-16,Plateau-Est,873.34,763.9530204266263,109.38697957337376
2025-08-17,Plateau-Est,803.47,759.2604218196325,44.209578180367544
2025-08-18,Plateau-Est,802.74,833.2721132747846,30.532113274784592
2025-08-19,Plateau-Est,768.7,835.2117207208366,66.51172072083659
2025-08-20,Plateau-Est,906.2,831.9547947632138,74.2452052367862
2025-08-21,Plateau-Est,793.2,838.5730405456206,45.3730405456206
2025-08-22,Plateau-Est,898.37,838.6103785751961,59.75962142480387
2025-08-23,Plateau-Est,743.93,814.9937614862778,71.06376148627783
2025-08-24,Plateau-Est,869.65,772.1948230174806,97.45517698251933
2025-08-25,Plateau-Est,1056.41,940.6535021032286,115.75649789677152
2025-08-26,Plateau-Est,730.35,831.9068657250681,101.55686572506806
2025-08-27,Plateau-Est,901.43,851.2157663373747,50.21423366262525
2025-08-28,Plateau-Est,733.17,864.8767333203504,131.7067333203504
2025-08-29,Plateau-Est,919.13,850.7541576956708,68.37584230432924
2025-08-30,Plateau-Est,1770.99,964.7150352221066,806.2749647778934
2025-08-31,Plateau-Est,808.24,828.6739758505225,20.43397585052253
2025-09-01,Plateau-Est,1052.19,1069.4228724346244,17.23287243462437
2025-09-02,Plateau-Est,855.4399999999999,825.1481370443014,30.291862955698548
2025-09-03,Plateau-Est,887.29,912.9478501121932,25.657850112193273
2025-09-04,Plateau-Est,814.71,823.1234457123967,8.413445712396651
2025-09-05,Plateau-Est,872.45,925.713735254639,53.26373525463896
2025-09-06,Plateau-Est,765.8100000000001,897.8893157308379,132.07931573083783
2025-09-07,Plateau-Est,726.9399999999999,787.5093816813833,60.569381681383334
2025-09-08,Plateau-Est,792.85,923.8740993623135,131.02409936231345
2025-09-09,Plateau-Est,831.59,868.1990982664846,36.60909826648458
2025-09-10,Plateau-Est,956.26,877.1416107506216,79.11838924937842
2025-09-11,Plateau-Est,796.03,858.6619839519635,62.63198395196355
2025-09-12,Plateau-Est,800.1,840.5262291366593,40.42622913665923
2025-09-13,Plateau-Est,807.5,1067.9249434720837,260.42494347208367
2025-09-14,Plateau-Est,747.4,760.6911222843955,13.291122284395556
2025-09-15,Plateau-Est,1000.24,980.938835052484,19.301164947515986
2025-09-16,Plateau-Est,1146.5,1022.8999330483405,123.60006695165953
2025-09-17,Plateau-Est,846.57,923.5440957299678,76.97409572996776
2025-09-18,Plateau-Est,1178.27,1013.1090817658041,165.16091823419583
2025-09-19,Plateau-Est,883.12,911.0240302672845,27.904030267284497
2025-09-20,Plateau-Est,713.04,799.6654637172402,86.62546371724022
2025-09-21,Plateau-Est,886.93,909.7127364454063,22.782736445406385
2025-09-22,Plateau-Est,858.68,913.0440029531317,54.36400295313172
2025-09-23,Plateau-Est,855.49,976.2252096815221,120.73520968152206
2025-09-24,Plateau-Est,979.48,952.416975166842,27.06302483315801
2025-09-25,Plateau-Est,880.9,960.9980428978273,80.09804289782733
2025-09-26,Plateau-Est,957.45,959.9376512669639,2.487651266963894
2025-09-27,Plateau-Est,928.53,994.2631615709993,65.7331615709993
2025-09-28,Plateau-Est,766.28,854.5588442937415,88.27884429374149
2025-09-29,Plateau-Est,1235.52,1078.48135031746,157.03864968253993
2025-09-30,Plateau-Est,1327.76,1069.967290532068,257.7927094679319
2025-10-01,Plateau-Est,969.67,966.8100546967036,2.8599453032963993
2025-10-02,Plateau-Est,911.75,951.3794769440354,39.629476944035446
2025-10-03,Plateau-Est,903.58,935.0084949786665,31.428494978666436
2025-10-04,Plateau-Est,969.12,1019.1244398539098,50.004439853909844
2025-10-05,Plateau-Est,1103.41,1267.91828,164.50828
2025-10-06,Plateau-Est,890.24,1027.2895503953293,137.04955039532933
2025-10-07,Plateau-Est,850.17,945.2710184661171,95.10101846611713
2025-10-08,Plateau-Est,937.77,951.2788444881045,13.5088444881045
2025-10-09,Plateau-Est,886.57,912.8354900190046,26.265490019004574
2025-10-10,Plateau-Est,906.79,920.1529397751166,13.362939775116615
2025-10-11,Plateau-Est,909.7,957.7866640241368,48.08666402413678
2025-10-12,Plateau-Est,1040.87,1011.9723033660324,28.897696633967485
2025-10-13,Plateau-Est,1101.91,1057.110388208836,44.799611791164125
2025-10-14,Plateau-Est,998.33,1069.0655852939735,70.73558529397349
2025-10-15,Plateau-Est,1117.97,1056.6375286562186,61.332471343781435
2025-10-16,Plateau-Est,872.41,923.0400277137535,50.63002771375352
2025-10-17,Plateau-Est,974.29,993.9972739523151,19.707273952315177
2025-10-18,Plateau-Est,762.19,909.4840085780785,147.29400857807843
2025-10-19,Plateau-Est,980.6,1046.3555101063832,65.75551010638321
2025-10-20,Plateau-Est,1160.85,1116.2783752467442,44.57162475325572
2025-10-21,Plateau-Est,881.51,925.5438677674193,44.03386776741934
2025-10-22,Plateau-Est,1240.57,1140.7272621785623,99.8427378214376
2025-10-23,Plateau-Est,953.76,962.061129475572,8.301129475571997
2025-10-24,Plateau-Est,1299.43,1202.8141595238098,96.61584047619021
2025-10-25,Plateau-Est,971.84,1015.0173609658798,43.17736096587976
2025-10-26,Plateau-Est,1229.45,1310.5123267965369,81.06232679653681
2025-10-27,Plateau-Est,1056.98,1152.5198588934468,95.53985889344676
2025-10-28,Plateau-Est,995.05,1067.6358085561494,72.58580855614946
2025-10-29,Plateau-Est,1005.9,1153.665655331344,147.76565533134396
2025-10-30,Plateau-Est,1198.2,1060.759733100663,137.44026689933708
2025-10-31,Plateau-Est,1146.3,1180.1257897984353,33.82578979843538
2025-11-01,Plateau-Est,1072.18,1123.6303353093963,51.45033530939622
2025-11-02,Plateau-Est,1099.72,1212.7975263234155,113.07752632341544
2025-11-03,Plateau-Est,1262.08,1229.4535352713951,32.62646472860479
2025-11-04,Plateau-Est,1160.33,1243.1919835714289,82.86198357142894
2025-11-05,Plateau-Est,1162.96,1171.9521822127876,8.992182212787611
2025-11-06,Plateau-Est,1065.96,1198.845516891385,132.8855168913849
2025-11-07,Plateau-Est,1092.32,1226.2448864460764,133.92488644607647
2025-11-08,Plateau-Est,1193.03,1236.6579938967398,43.62799389673978
2025-11-09,Plateau-Est,1045.6299999999999,1198.8247571951215,153.1947571951216
2025-11-10,Plateau-Est,1162.71,1331.7539902250908,169.04399022509074
2025-11-11,Plateau-Est,1003.76,1169.4379497268417,165.6779497268417
2025-11-12,Plateau-Est,1587.85,1301.8912020156743,285.95879798432566
2025-11-13,Plateau-Est,1044.84,1226.4910426199954,181.65104261999545
2025-11-14,Plateau-Est,1216.01,1337.0411100365561,121.03111003655613
2025-11-15,Plateau-Est,1163.28,1270.9606769656891,107.68067696568914
2025-11-16,Plateau-Est,1240.39,1317.8731274018144,77.48312740181427
2025-11-17,Plateau-Est,1103.17,1178.9971014190166,75.82710141901657
2025-11-18,Plateau-Est,1507.73,1277.6597579487182,230.07024205128187
2025-11-19,Plateau-Est,1141.27,1265.571515594451,124.30151559445108
2025-11-20,Plateau-Est,1228.45,1276.7677449877901,48.31774498779009
2025-11-21,Plateau-Est,1384.47,1489.1401971900323,104.67019719003224
2025-11-22,Plateau-Est,1452.61,1543.052412344322,90.44241234432207
2025-11-23,Plateau-Est,1233.76,1285.0530297171945,51.293029717194486
2025-11-24,Plateau-Est,1297.22,1372.3934961532764,75.17349615327635
2025-11-25,Plateau-Est,1335.61,1473.2893519624135,137.67935196241365
2025-11-26,Plateau-Est,2363.73,1381.429123444678,982.300876555322
2025-11-27,Plateau-Est,1325.3,1346.5302866561747,21.230286656174712
2025-11-28,Plateau-Est,2673.98,1390.8344078858559,1283.1455921141442
2025-11-29,Plateau-Est,1313.28,1432.4660177481994,119.18601774819945
2025-11-30,Plateau-Est,1036.49,1462.9983890476187,426.5083890476187
2025-12-01,Plateau-Est,1166.78,1465.7266634615382,298.94666346153826
2025-12-02,Plateau-Est,1311.21,1488.4869763979823,177.27697639798225
2025-12-03,Plateau-Est,1420.8,1399.5833370573864,21.21666294261354
2025-12-04,Plateau-Est,1305.1,1381.3031091398252,76.2031091398253
2025-12-05,Plateau-Est,1521.61,1406.8178064084582,114.79219359154172
2025-12-06,Plateau-Est,1364.23,1470.276530452022,106.0465304520219
2025-12-07,Plateau-Est,1370.79,1443.9464895238098,73.1564895238098
2025-12-08,Plateau-Est,1362.43,1390.8586183735888,28.428618373588733
2025-12-09,Plateau-Est,1375.8899999999999,1415.4459451098207,39.55594510982087
2025-12-10,Plateau-Est,2368.3,1435.0835623347666,933.2164376652336
2025-12-11,Plateau-Est,1420.66,1503.1557677293388,82.4957677293387
2025-12-12,Plateau-Est,1289.51,1662.6616710815497,373.1516710815497
2025-12-13,Plateau-Est,1468.83,1421.975832198804,46.8541678011959
2025-12-14,Plateau-Est,1447.23,1422.3530556810906,24.87694431890941
2025-12-15,Plateau-Est,1487.09,1608.0151830568286,120.9251830568287
2025-12-16,Plateau-Est,1473.96,1619.932642340841,145.97264234084105
2025-12-17,Plateau-Est,1494.85,1628.6051518329734,133.75515183297352
2025-12-18,Plateau-Est,1315.13,1374.8675493771816,59.737549377181494
2025-12-19,Plateau-Est,1529.12,1422.707171438189,106.41282856181078
2025-12-20,Plateau-Est,1301.41,1421.917345457016,120.50734545701584
2025-12-21,Plateau-Est,1389.69,1485.8737292579099,96.18372925790982
2025-12-22,Plateau-Est,1686.5,1575.7821199274779,110.71788007252212
2025-12-23,Plateau-Est,1362.81,1488.8883248388363,126.07832483883635
2025-12-24,Plateau-Est,1426.73,1717.6755462653646,290.94554626536456
2025-12-25,Plateau-Est,1756.28,1541.6516275609663,214.62837243903368
2025-12-26,Plateau-Est,1286.6,1399.8927781169477,113.29277811694783
2025-12-27,Plateau-Est,1441.39,1583.963715708666,142.573715708666
2025-12-28,Plateau-Est,1555.36,1463.7117588296323,91.64824117036756
2025-12-29,Plateau-Est,1457.65,1468.8734442845139,11.22344428451379
2025-12-30,Plateau-Est,1468.99,1525.278278602793,56.28827860279307
2025-12-31,Plateau-Est,1321.38,1386.847762436338,65.46776243633781
2025-08-11,Rives-Sud,5585.099999999999,6203.0548369962735,617.954836996274
2025-08-12,Rives-Sud,5861.62,5548.9241744329165,312.6958255670834
2025-08-13,Rives-Sud,5908.4,5939.636225849645,31.236225849645052
2025-08-14,Rives-Sud,6139.38,5841.471006873118,297.9089931268818
2025-08-15,Rives-Sud,5935.44,5830.6740120159975,104.7659879840021
2025-08-16,Rives-Sud,3547.66,3458.8894561972497,88.77054380275013
2025-08-17,Rives-Sud,3440.52,3466.4252399227926,25.90523992279259
2025-08-18,Rives-Sud,5853.46,5785.730118919279,67.72988108072059
2025-08-19,Rives-Sud,6300.4800000000005,5786.521381800723,513.9586181992772
2025-08-20,Rives-Sud,5991.25,5906.838222848338,84.41177715166214
2025-08-21,Rives-Sud,5914.53,5905.149787725901,9.380212274098994
2025-08-22,Rives-Sud,5847.18,7144.186578537515,1297.0065785375145
2025-08-23,Rives-Sud,3522.2799999999997,3505.5463771047753,16.73362289522447
2025-08-24,Rives-Sud,3532.94,3458.425911493181,74.51408850681901
2025-08-25,Rives-Sud,5727.22,5754.89728611383,27.677286113829723
2025-08-26,Rives-Sud,6030.67,6132.856247145991,102.18624714599082
2025-08-27,Rives-Sud,5952.400000000001,6069.418135056552,117.01813505655173
2025-08-28,Rives-Sud,5909.16,5839.423931919225,69.73606808077511
2025-08-29,Rives-Sud,5890.93,5903.262290377532,12.332290377531535
2025-08-30,Rives-Sud,3689.27,3915.2651776702387,225.99517767023872
2025-08-31,Rives-Sud,3652.63,3426.6226164742357,226.00738352576445
2025-09-01,Rives-Sud,5946.25,5716.5073122997965,229.74268770020353
2025-09-02,Rives-Sud,5843.34,5934.747299640694,91.40729964069396
2025-09-03,Rives-Sud,6108.72,5903.758928793384,204.961071206616
2025-09-04,Rives-Sud,4960.9800000000005,5931.788555264491,970.8085552644907
2025-09-05,Rives-Sud,5973.299999999999,5681.571421241254,291.72857875874524
2025-09-06,Rives-Sud,3641.55,3577.78523579786,63.76476420214021
2025-09-07,Rives-Sud,3577.93,3718.7531325556197,140.82313255561985
2025-09-08,Rives-Sud,5923.47,5912.646214933512,10.823785066488199
2025-09-09,Rives-Sud,7295.900000000001,5998.643347712964,1297.2566522870366
2025-09-10,Rives-Sud,5942.06,6318.828896326268,376.76889632626717
2025-09-11,Rives-Sud,5918.44,5537.315254264557,381.12474573544296
2025-09-12,Rives-Sud,5961.7,6108.2737072820655,146.5737072820657
2025-09-13,Rives-Sud,3284.57,3843.474369597035,558.9043695970349
2025-09-14,Rives-Sud,3541.8,3515.6041959789845,26.195804021015647
2025-09-15,Rives-Sud,5586.13,6037.675469361958,451.54546936195766
2025-09-16,Rives-Sud,6705.54,6338.511892245516,367.02810775448415
2025-09-17,Rives-Sud,5126.1,6535.71343574116,1409.6134357411593
2025-09-18,Rives-Sud,5272.469999999999,5810.740790034278,538.2707900342784
2025-09-19,Rives-Sud,5807.35,5735.9955460785895,71.35445392141082
2025-09-20,Rives-Sud,3585.31,3419.356285460644,165.95371453935604
2025-09-21,Rives-Sud,3767.45,3406.400193658529,361.0498063414707
2025-09-22,Rives-Sud,5567.9400000000005,5771.533056179324,203.59305617932387
2025-09-23,Rives-Sud,5916.62,6684.942237321183,768.3222373211829
2025-09-24,Rives-Sud,6004.84,5536.267998450352,468.5720015496481
2025-09-25,Rives-Sud,6112.42,5572.877818510444,539.5421814895562
2025-09-26,Rives-Sud,6434.150000000001,5849.7896733925245,584.360326607476
2025-09-27,Rives-Sud,3794.78,3686.583358422607,108.19664157739317
2025-09-28,Rives-Sud,3755.21,4671.818734878462,916.6087348784622
2025-09-29,Rives-Sud,5866.05,5875.531114918209,9.481114918208732
2025-09-30,Rives-Sud,6163.64,6111.176153439824,52.463846560176535
2025-10-01,Rives-Sud,5686.76,5922.8794483285255,236.11944832852532
2025-10-02,Rives-Sud,5893.95,5954.093133559772,60.14313355977174
2025-10-03,Rives-Sud,5781.16,6212.865389900179,431.7053899001794
2025-10-04,Rives-Sud,3543.0099999999998,3564.937457994786,21.927457994786437
2025-10-05,Rives-Sud,3503.72,3443.37335856654,60.34664143345981
2025-10-06,Rives-Sud,6326.83,5876.302795092887,450.5272049071127
2025-10-07,Rives-Sud,6114.49,5914.532135179832,199.95786482016774
2025-10-08,Rives-Sud,6443.55,5918.264755718136,525.2852442818639
2025-10-09,Rives-Sud,6270.42,5976.366959248063,294.05304075193726
2025-10-10,Rives-Sud,5974.44,5945.974814533905,28.465185466094226
2025-10-11,Rives-Sud,3510.51,3540.6828942100396,30.17289421003943
2025-10-12,Rives-Sud,3504.26,3787.129873058025,282.86987305802495
2025-10-13,Rives-Sud,5966.16,5993.354216714287,27.194216714286995
2025-10-14,Rives-Sud,6229.98,6216.210779932624,13.7692200673755
2025-10-15,Rives-Sud,7382.63,6284.440849120555,1098.1891508794452
2025-10-16,Rives-Sud,5948.62,6171.382166427709,222.76216642770942
2025-10-17,Rives-Sud,6366.2699999999995,6256.616028165029,109.65397183497043
2025-10-18,Rives-Sud,4029.08,4712.765388492787,683.6853884927868
2025-10-19,Rives-Sud,3255.16,3521.5155357108843,266.3555357108844
2025-10-20,Rives-Sud,6648.25,6231.329088107784,416.9209118922163
2025-10-21,Rives-Sud,6083.4800000000005,6246.835247163503,163.3552471635021
2025-10-22,Rives-Sud,5783.2,6707.087768508848,923.8877685088482
2025-10-23,Rives-Sud,6588.39,6314.78891970584,273.60108029416006
2025-10-24,Rives-Sud,6056.93,6117.085901780234,60.15590178023376
2025-10-25,Rives-Sud,3837.36,3583.176868677547,254.18313132245294
2025-10-26,Rives-Sud,3458.33,3491.3187365059475,32.9887365059476
2025-10-27,Rives-Sud,6403.32,6327.015114699286,76.30488530071398
2025-10-28,Rives-Sud,6614.54,6666.3842132134505,51.84421321345053
2025-10-29,Rives-Sud,6018.2300000000005,6303.476151033042,285.2461510330413
2025-10-30,Rives-Sud,6102.72,6176.298609224792,73.57860922479176
2025-10-31,Rives-Sud,6602.17,6079.857223451837,522.3127765481631
2025-11-01,Rives-Sud,4248.2,3781.3146268136206,466.8853731863792
2025-11-02,Rives-Sud,4603.37,3657.2932324786334,946.0767675213665
2025-11-03,Rives-Sud,6207.16,6313.749995217587,106.58999521758687
2025-11-04,Rives-Sud,6751.95,6788.5320270175625,36.58202701756272
2025-11-05,Rives-Sud,6630.41,7142.665460928305,512.2554609283052
2025-11-06,Rives-Sud,6734.76,6812.578880060424,77.81888006042391
2025-11-07,Rives-Sud,7026.150000000001,6759.238162689882,266.91183731011824
2025-11-08,Rives-Sud,4025.89,3935.3713779485943,90.5186220514056
2025-11-09,Rives-Sud,4613.39,6080.943863333335,1467.5538633333344
2025-11-10,Rives-Sud,6412.26,6162.782462099744,249.4775379002558
2025-11-11,Rives-Sud,6358.37,6424.651239818296,66.28123981829594
2025-11-12,Rives-Sud,7419.16,6699.947699506409,719.2123004935911
2025-11-13,Rives-Sud,6504.36,7120.528450115002,616.1684501150021
2025-11-14,Rives-Sud,6722.04,6732.198533520305,10.158533520305355
2025-11-15,Rives-Sud,4406.5599999999995,4283.814597959933,122.74540204006644
2025-11-16,Rives-Sud,4141.23,5720.7454233248645,1579.515423324865
2025-11-17,Rives-Sud,7089.11,6617.10899379615,472.00100620385
2025-11-18,Rives-Sud,6109.87,6427.1760670699905,317.3060670699906
2025-11-19,Rives-Sud,6720.56,6826.3454354751775,105.78543547517711
2025-11-20,Rives-Sud,6569.7,7065.283743811862,495.5837438118624
2025-11-21,Rives-Sud,6881.93,6738.186300530911,143.74369946908973
2025-11-22,Rives-Sud,3808.89,4007.8982470819233,199.0082470819234
2025-11-23,Rives-Sud,4099.97,4030.2862136487734,69.6837863512269
2025-11-24,Rives-Sud,6705.73,6635.886009943085,69.84399005691466
2025-11-25,Rives-Sud,6987.4400000000005,6876.036576753362,111.40342324663834
2025-11-26,Rives-Sud,6304.53,6856.826504490327,552.2965044903276
2025-11-27,Rives-Sud,6555.54,6418.568962489563,136.97103751043687
2025-11-28,Rives-Sud,7073.900000000001,6762.625887647637,311.2741123523638
2025-11-29,Rives-Sud,4207.1900000000005,4014.4004323419103,192.78956765809016
2025-11-30,Rives-Sud,4685.64,4196.867551418236,488.77244858176437
2025-12-01,Rives-Sud,6675.42,6455.795727083604,219.62427291639597
2025-12-02,Rives-Sud,6824.75,7041.399334827389,216.64933482738888
2025-12-03,Rives-Sud,6879.51,6676.668303787954,202.84169621204637
2025-12-04,Rives-Sud,6649.81,6804.980416241666,155.1704162416654
2025-12-05,Rives-Sud,7835.11,6791.663926456744,1043.4460735432558
2025-12-06,Rives-Sud,4550.11,4210.3608077379,339.7491922620993
2025-12-07,Rives-Sud,4434.68,6066.222478333333,1631.5424783333328
2025-12-08,Rives-Sud,7040.28,8050.016497171962,1009.7364971719626
2025-12-09,Rives-Sud,7244.95,7557.774750013986,312.824750013986
2025-12-10,Rives-Sud,6931.889999999999,6882.337954121641,49.55204587835851
2025-12-11,Rives-Sud,7221.12,7030.407707077064,190.71229292293629
2025-12-12,Rives-Sud,6207.55,7400.362240530206,1192.8122405302056
2025-12-13,Rives-Sud,3896.43,5983.27262871795,2086.8426287179504
2025-12-14,Rives-Sud,4051.71,4411.4777552129435,359.7677552129435
2025-12-15,Rives-Sud,7157.29,7477.921391855349,320.63139185534874
2025-12-16,Rives-Sud,7035.24,6943.994460543261,91.2455394567387
2025-12-17,Rives-Sud,7020.08,7559.414872725212,539.3348727252123
2025-12-18,Rives-Sud,7314.22,7578.927429207849,264.7074292078487
2025-12-19,Rives-Sud,6863.7,6723.442956590542,140.25704340945776
2025-12-20,Rives-Sud,4442.35,4069.915059962422,372.43494003757814
2025-12-21,Rives-Sud,3762.7,4317.581172743482,554.8811727434822
2025-12-22,Rives-Sud,6848.93,7678.411616218638,829.481616218638
2025-12-23,Rives-Sud,6945.42,7240.422260486701,295.00226048670083
2025-12-24,Rives-Sud,7258.33,7174.245421961797,84.08457803820329
2025-12-25,Rives-Sud,5367.43,7472.7629719810475,2105.332971981047
2025-12-26,Rives-Sud,6465.11,7051.778923391787,586.6689233917878
2025-12-27,Rives-Sud,4429.91,4083.5234744757727,346.3865255242272
2025-12-28,Rives-Sud,3991.84,4161.277904802279,169.43790480227926
2025-12-29,Rives-Sud,7288.2,7085.906882023326,202.29311797667378
2025-12-30,Rives-Sud,6966.39,7003.217356779209,36.82735677920846
2025-12-31,Rives-Sud,7139.12,6973.459484573429,165.66051542657078
2025-08-11,Val-Nord,1333.62,1335.3169591033286,1.6969591033287088
2025-08-12,Val-Nord,1326.1399999999999,1376.382248680434,50.24224868043416
2025-08-13,Val-Nord,1349.2,1393.5130774942957,44.31307749429561
2025-08-14,Val-Nord,1397.02,1380.6669814490544,16.353018550945535
2025-08-15,Val-Nord,1349.49,1371.7248456385942,22.23484563859415
2025-08-16,Val-Nord,1599.82,1270.4882109250912,329.3317890749088
2025-08-17,Val-Nord,1089.0,1138.6178970328983,49.61789703289833
2025-08-18,Val-Nord,1348.08,1304.3936853361784,43.68631466382158
2025-08-19,Val-Nord,1351.9,1382.820466661448,30.920466661448017
2025-08-20,Val-Nord,1331.0,1381.8153137939819,50.815313793981886
2025-08-21,Val-Nord,1349.8799999999999,1370.9513343694346,21.07133436943468
2025-08-22,Val-Nord,1379.91,1405.3192623521015,25.40926235210145
2025-08-23,Val-Nord,1088.47,1117.8336401874885,29.3636401874885
2025-08-24,Val-Nord,1081.48,1123.638843815813,42.15884381581304
2025-08-25,Val-Nord,1530.8700000000001,1375.6602141464373,155.20978585356283
2025-08-26,Val-Nord,1377.06,1397.629632897997,20.569632897997053
2025-08-27,Val-Nord,1348.3899999999999,1373.9800511023184,25.59005110231851
2025-08-28,Val-Nord,1343.87,1399.0992932706138,55.22929327061388
2025-08-29,Val-Nord,1404.05,1375.537939183921,28.51206081607893
2025-08-30,Val-Nord,1181.3899999999999,1145.2355253740934,36.15447462590646
2025-08-31,Val-Nord,1221.46,1111.825219701069,109.63478029893099
2025-09-01,Val-Nord,1355.85,1394.9542448060392,39.10424480603933
2025-09-02,Val-Nord,1422.42,1508.892495566637,86.47249556663701
2025-09-03,Val-Nord,1373.73,1380.5497380225047,6.81973802250468
2025-09-04,Val-Nord,1357.68,1381.1911545121734,23.511154512173334
2025-09-05,Val-Nord,1646.7,1477.0810179805787,169.6189820194213
2025-09-06,Val-Nord,1117.69,1187.392528343712,69.70252834371195
2025-09-07,Val-Nord,1054.46,1130.7387548716042,76.27875487160418
2025-09-08,Val-Nord,1312.79,1391.5620996267003,78.77209962670031
2025-09-09,Val-Nord,1353.75,1401.2113930554247,47.46139305542465
2025-09-10,Val-Nord,1385.35,1419.4340922264162,34.08409222641626
2025-09-11,Val-Nord,1339.27,1409.8866645859555,70.6166645859555
2025-09-12,Val-Nord,1608.41,1499.5277991289192,108.88220087108084
2025-09-13,Val-Nord,1516.93,1277.0851658606384,239.84483413936164
2025-09-14,Val-Nord,1089.59,1098.2490183426878,8.659018342687887
2025-09-15,Val-Nord,1345.14,1395.4087282582623,50.26872825826217
2025-09-16,Val-Nord,1355.72,1421.8711035173849,66.15110351738485
2025-09-17,Val-Nord,1640.09,1397.6924248156638,242.39757518433612
2025-09-18,Val-Nord,1676.16,1538.2090381472588,137.95096185274133
2025-09-19,Val-Nord,1522.96,1599.7970496520086,76.83704965200855
2025-09-20,Val-Nord,1129.11,1190.5420088977655,61.43200889776563
2025-09-21,Val-Nord,1396.57,1270.3453444624727,126.22465553752727
2025-09-22,Val-Nord,1735.8600000000001,1480.1375643225751,255.72243567742498
2025-09-23,Val-Nord,1263.1,1498.1272495586986,235.0272495586987
2025-09-24,Val-Nord,1349.46,1429.9846086515547,80.52460865155467
2025-09-25,Val-Nord,1703.3799999999999,1467.4545036278503,235.9254963721496
2025-09-26,Val-Nord,1500.81,1524.5976234428456,23.787623442845643
2025-09-27,Val-Nord,1070.69,1211.554936047332,140.86493604733187
2025-09-28,Val-Nord,1609.71,1219.0912667242537,390.6187332757463
2025-09-29,Val-Nord,1474.25,1576.3731381969994,102.12313819699943
2025-09-30,Val-Nord,1464.59,1405.6898264119568,58.90017358804312
2025-10-01,Val-Nord,1398.93,1469.6879826580162,70.75798265801609
2025-10-02,Val-Nord,1531.57,1495.1476440669387,36.422355933061226
2025-10-03,Val-Nord,1527.48,1528.0620844863474,0.5820844863474122
2025-10-04,Val-Nord,1428.61,1259.0427814803272,169.56721851967268
2025-10-05,Val-Nord,1299.7,1374.8846326732164,75.18463267321636
2025-10-06,Val-Nord,1700.99,1573.5555679468662,127.43443205313383
2025-10-07,Val-Nord,1402.66,1477.1212202857257,74.46122028572563
2025-10-08,Val-Nord,1627.21,1493.1164231405771,134.0935768594229
2025-10-09,Val-Nord,1565.06,1565.593436323079,0.5334363230790586
2025-10-10,Val-Nord,1402.44,1542.3793559056655,139.93935590566548
2025-10-11,Val-Nord,1280.21,1252.9500453844487,27.25995461555135
2025-10-12,Val-Nord,1376.06,1379.808450307906,3.7484503079060687
2025-10-13,Val-Nord,1718.35,1524.0746158723643,194.27538412763556
2025-10-14,Val-Nord,1509.95,1578.6605948506103,68.71059485061028
2025-10-15,Val-Nord,1646.6100000000001,1524.3035280649146,122.30647193508548
2025-10-16,Val-Nord,1627.96,1631.03736785975,3.077367859749984
2025-10-17,Val-Nord,2346.29,1889.4755504766458,456.81444952335414
2025-10-18,Val-Nord,1556.06,1426.156370849628,129.9036291503719
2025-10-19,Val-Nord,1495.39,1439.3547713443952,56.0352286556049
2025-10-20,Val-Nord,1793.24,1671.958291779844,121.2817082201559
2025-10-21,Val-Nord,1815.02,1704.0852838356943,110.93471616430566
2025-10-22,Val-Nord,1820.37,1808.23660482653,12.133395173469808
2025-10-23,Val-Nord,1860.99,1807.9402464931968,53.0497535068032
2025-10-24,Val-Nord,1874.19,1698.8180446606584,175.37195533934164
2025-10-25,Val-Nord,1295.64,1403.418783744881,107.77878374488091
2025-10-26,Val-Nord,1474.07,1413.2314783644265,60.83852163557344
2025-10-27,Val-Nord,1768.59,1722.7269060123072,45.863093987692764
2025-10-28,Val-Nord,1781.11,1762.0196644456892,19.09033555431074
2025-10-29,Val-Nord,1767.69,1717.3614014620432,50.32859853795685
2025-10-30,Val-Nord,1905.1299999999999,1783.6522052548794,121.47779474512049
2025-10-31,Val-Nord,1530.8700000000001,1597.8876583450608,67.01765834506068
2025-11-01,Val-Nord,1693.55,1535.982563117915,157.56743688208485
2025-11-02,Val-Nord,1593.5,1532.553194387907,60.94680561209293
2025-11-03,Val-Nord,1649.27,1682.913383109275,33.643383109274964
2025-11-04,Val-Nord,2104.73,1936.0476616119474,168.68233838805259
2025-11-05,Val-Nord,1896.93,1868.7939490382869,28.13605096171318
2025-11-06,Val-Nord,1711.3899999999999,1782.6850563118203,71.29505631182042
2025-11-07,Val-Nord,1979.55,1930.6387109084226,48.91128909157737
2025-11-08,Val-Nord,1577.97,1513.2390945071252,64.73090549287485
2025-11-09,Val-Nord,1458.63,1472.4896928323565,13.859692832356359
2025-11-10,Val-Nord,2447.83,1945.4042863790976,502.42571362090234
2025-11-11,Val-Nord,1879.07,1828.888435286521,50.18156471347902
2025-11-12,Val-Nord,2177.73,1993.3087039647671,184.4212960352329
2025-11-13,Val-Nord,1944.8799999999999,2114.224877116231,169.34487711623092
2025-11-14,Val-Nord,1878.22,2055.790012290791,177.57001229079083
2025-11-15,Val-Nord,1430.64,1390.2406342096792,40.39936579032087
2025-11-16,Val-Nord,1364.54,1384.2559127357613,19.71591273576132
2025-11-17,Val-Nord,2085.01,2122.686448286645,37.6764482866447
2025-11-18,Val-Nord,1611.01,1832.3090086950212,221.29900869502126
2025-11-19,Val-Nord,1796.77,1877.4901131466406,80.72011314664064
2025-11-20,Val-Nord,1819.69,1875.6217728542742,55.931772854274186
2025-11-21,Val-Nord,1869.62,1864.102037534758,5.517962465241908
2025-11-22,Val-Nord,1703.4,1590.779174747384,112.62082525261599
2025-11-23,Val-Nord,1709.49,1640.1890921839995,69.30090781600052
2025-11-24,Val-Nord,2138.39,2062.710745899214,75.67925410078578
2025-11-25,Val-Nord,1898.84,1969.5734019583992,70.73340195839933
2025-11-26,Val-Nord,2070.92,2129.1565053867653,58.2365053867652
2025-11-27,Val-Nord,2041.82,2165.9575245257593,124.13752452575932
2025-11-28,Val-Nord,2035.22,2108.794932708467,73.57493270846703
2025-11-29,Val-Nord,1544.0,1533.3519004709503,10.64809952904966
2025-11-30,Val-Nord,1711.97,1743.619171024531,31.649171024530915
2025-12-01,Val-Nord,2000.81,2120.680876981085,119.87087698108508
2025-12-02,Val-Nord,2260.04,2160.3896243674617,99.65037563253827
2025-12-03,Val-Nord,1814.64,1888.5691558242945,73.92915582429441
2025-12-04,Val-Nord,1860.69,1845.599455106246,15.090544893753986
2025-12-05,Val-Nord,2146.52,2151.7393167201,5.219316720099869
2025-12-06,Val-Nord,1702.3,1744.417953175713,42.117953175712955
2025-12-07,Val-Nord,1818.68,1891.9246635823722,73.24466358237214
2025-12-08,Val-Nord,2218.78,2084.139522765483,134.64047723451722
2025-12-09,Val-Nord,2120.49,2071.668941496449,48.82105850355083
2025-12-10,Val-Nord,2262.58,2195.523372349607,67.05662765039278
2025-12-11,Val-Nord,2053.5499999999997,2105.8088157692405,52.258815769240755
2025-12-12,Val-Nord,2043.14,2105.557110711775,62.41711071177474
2025-12-13,Val-Nord,1734.32,1865.2440986469273,130.9240986469274
2025-12-14,Val-Nord,1933.63,2103.370480097783,169.7404800977829
2025-12-15,Val-Nord,2063.67,2113.776478910606,50.1064789106058
2025-12-16,Val-Nord,2055.63,2163.4300578299617,107.80005782996159
2025-12-17,Val-Nord,1992.5,1957.577077216701,34.9229227832991
2025-12-18,Val-Nord,2207.37,2245.5492390964714,38.17923909647152
2025-12-19,Val-Nord,2142.18,2100.2552575331815,41.924742466818316
2025-12-20,Val-Nord,2126.92,2072.935060747133,53.98493925286721
2025-12-21,Val-Nord,1911.06,2069.1705117644246,158.1105117644247
2025-12-22,Val-Nord,2167.58,2142.7882875214855,24.791712478514455
2025-12-23,Val-Nord,2195.27,2302.7308124758656,107.46081247586562
2025-12-24,Val-Nord,2102.08,2142.804228923715,40.724228923715145
2025-12-25,Val-Nord,2435.22,2360.9499720773442,74.27002792265557
2025-12-26,Val-Nord,2309.4,2324.2514778851905,14.851477885190434
2025-12-27,Val-Nord,1851.38,1819.8604505216194,31.519549478380668
2025-12-28,Val-Nord,1907.2,1740.981521558442,166.2184784415581
2025-12-29,Val-Nord,2531.1,2764.9196248236735,233.81962482367362
2025-12-30,Val-Nord,2184.64,2233.562548424466,48.922548424466186
2025-12-31,Val-Nord,2197.32,2169.756148378944,27.563851621056074
2025-08-11,Zone-Industrielle,42103.21,25633.719525083154,16469.490474916845
2025-08-12,Zone-Industrielle,24733.18,25682.363074123146,949.1830741231461
2025-08-13,Zone-Industrielle,23826.69,24846.122278524017,1019.4322785240183
2025-08-14,Zone-Industrielle,25242.39,25767.84412002686,525.4541200268613
2025-08-15,Zone-Industrielle,23558.68,24153.891992544668,595.2119925446677
2025-08-16,Zone-Industrielle,13089.83,13637.541510768398,547.7115107683985
2025-08-17,Zone-Industrielle,13865.58,13880.225756790891,14.645756790891028
2025-08-18,Zone-Industrielle,27507.64,24894.46957316082,2613.1704268391804
2025-08-19,Zone-Industrielle,24217.26,23889.123231172533,328.13676882746586
2025-08-20,Zone-Industrielle,25305.260000000002,24323.176535807732,982.0834641922702
2025-08-21,Zone-Industrielle,24012.74,23981.823007230785,30.91699276921645
2025-08-22,Zone-Industrielle,24097.84,23824.905282039927,272.9347179600736
2025-08-23,Zone-Industrielle,13200.68,13434.23377532491,233.55377532491002
2025-08-24,Zone-Industrielle,13206.67,13296.076147853366,89.40614785336584
2025-08-25,Zone-Industrielle,22384.62,24416.296740226167,2031.6767402261685
2025-08-26,Zone-Industrielle,23951.12,25212.000547191958,1260.8805471919586
2025-08-27,Zone-Industrielle,25245.64,23720.170249778177,1525.4697502218223
2025-08-28,Zone-Industrielle,23405.31,24292.43301356353,887.1230135635269
2025-08-29,Zone-Industrielle,24224.39,23937.567537489085,286.8224625109142
2025-08-30,Zone-Industrielle,17330.77,13242.265866607608,4088.5041333923928
2025-08-31,Zone-Industrielle,14250.039999999999,13237.649063851628,1012.3909361483711
2025-09-01,Zone-Industrielle,24225.56,23987.599230236036,237.9607697639658
2025-09-02,Zone-Industrielle,25074.2,24565.05896637904,509.1410336209592
2025-09-03,Zone-Industrielle,22102.72,24452.9668023153,2350.246802315298
2025-09-04,Zone-Industrielle,24095.24,24005.671966651284,89.56803334871802
2025-09-05,Zone-Industrielle,22905.91,25151.5964274366,2245.6864274366017
2025-09-06,Zone-Industrielle,13400.08,13297.88405697549,102.19594302450969
2025-09-07,Zone-Industrielle,13491.61,13475.302056423261,16.30794357673949
2025-09-08,Zone-Industrielle,26287.04,24667.126490286737,1619.913509713264
2025-09-09,Zone-Industrielle,24273.15,24233.132715460484,40.01728453951728
2025-09-10,Zone-Industrielle,24569.100000000002,26493.004510342795,1923.9045103427925
2025-09-11,Zone-Industrielle,23656.3,24951.949694092684,1295.6496940926845
2025-09-12,Zone-Industrielle,23541.010000000002,23944.02315370621,403.01315370620796
2025-09-13,Zone-Industrielle,12846.9,13518.393414074997,671.4934140749974
2025-09-14,Zone-Industrielle,13666.06,13976.51553849342,310.45553849342105
2025-09-15,Zone-Industrielle,23841.59,23943.273503959077,101.68350395907692
2025-09-16,Zone-Industrielle,24148.34,23696.376241368474,451.9637586315257
2025-09-17,Zone-Industrielle,24936.07,24057.9758015349,878.0941984650999
2025-09-18,Zone-Industrielle,23255.88,24934.880232353145,1679.0002323531444
2025-09-19,Zone-Industrielle,23140.12,23836.126196634174,696.0061966341746
2025-09-20,Zone-Industrielle,13120.87,13542.376217191459,421.50621719145784
2025-09-21,Zone-Industrielle,12843.54,13973.12984605308,1129.5898460530789
2025-09-22,Zone-Industrielle,23933.83,24806.100717266472,872.2707172664705
2025-09-23,Zone-Industrielle,24283.56,24177.518551164754,106.04144883524714
2025-09-24,Zone-Industrielle,30987.61,24305.31320687332,6682.296793126679
2025-09-25,Zone-Industrielle,22881.66,24200.721064951085,1319.0610649510854
2025-09-26,Zone-Industrielle,25347.88,24206.67270422482,1141.2072957751807
2025-09-27,Zone-Industrielle,14147.4,14158.260788797597,10.860788797597706
2025-09-28,Zone-Industrielle,12785.68,14062.296540172903,1276.6165401729031
2025-09-29,Zone-Industrielle,23815.489999999998,24518.287884629593,702.7978846295955
2025-09-30,Zone-Industrielle,36015.91,24352.088354539253,11663.82164546075
2025-10-01,Zone-Industrielle,24467.66,24660.97291288903,193.31291288902867
2025-10-02,Zone-Industrielle,23888.75,25471.336924221236,1582.5869242212357
2025-10-03,Zone-Industrielle,25494.95,25122.77601388291,372.17398611708995
2025-10-04,Zone-Industrielle,14545.91,14946.33833538372,400.42833538371997
2025-10-05,Zone-Industrielle,14519.58,14781.33248980919,261.7524898091906
2025-10-06,Zone-Industrielle,24396.3,24617.416976968427,221.11697696842748
2025-10-07,Zone-Industrielle,25386.37,26090.61822416653,704.2482241665311
2025-10-08,Zone-Industrielle,25093.65,24491.299840055533,602.350159944468
2025-10-09,Zone-Industrielle,24975.670000000002,24966.93693219573,8.733067804270831
2025-10-10,Zone-Industrielle,25086.33,25062.018920652703,24.3110793472988
2025-10-11,Zone-Industrielle,13588.4,14119.374679993165,530.9746799931654
2025-10-12,Zone-Industrielle,13350.39,13355.307276165215,4.9172761652152985
2025-10-13,Zone-Industrielle,22587.57,23948.749092727918,1361.179092727918
2025-10-14,Zone-Industrielle,23846.17,24333.328746203315,487.1587462033167
2025-10-15,Zone-Industrielle,23947.09,24440.94629490109,493.8562949010884
2025-10-16,Zone-Industrielle,24437.54,24717.786274202866,280.2462742028656
2025-10-17,Zone-Industrielle,25624.84,24754.252079106653,870.5879208933475
2025-10-18,Zone-Industrielle,13517.28,13828.302734443541,311.0227344435407
2025-10-19,Zone-Industrielle,13635.64,15660.902191190482,2025.2621911904826
2025-10-20,Zone-Industrielle,25541.670000000002,24125.179015064226,1416.4909849357755
2025-10-21,Zone-Industrielle,25740.58,24598.204390655366,1142.3756093446354
2025-10-22,Zone-Industrielle,23607.65,24562.636623217863,954.986623217861
2025-10-23,Zone-Industrielle,25942.68,24183.851493723545,1758.8285062764553
2025-10-24,Zone-Industrielle,24854.98,24346.369866458463,508.6101335415369
2025-10-25,Zone-Industrielle,17925.06,14581.450201312113,3343.6097986878885
2025-10-26,Zone-Industrielle,14113.23,15135.381132024988,1022.1511320249883
2025-10-27,Zone-Industrielle,23281.25,24945.812616597897,1664.5626165978974
2025-10-28,Zone-Industrielle,24875.88,25165.24961818482,289.3696181848172
2025-10-29,Zone-Industrielle,26192.06,24864.59602408845,1327.4639759115526
2025-10-30,Zone-Industrielle,27024.18,26005.101136096448,1019.0788639035527
2025-10-31,Zone-Industrielle,26172.94,25403.805092202278,769.1349077977211
2025-11-01,Zone-Industrielle,13893.52,15018.111790827401,1124.5917908274005
2025-11-02,Zone-Industrielle,14069.47,14489.03915003543,419.56915003543145
2025-11-03,Zone-Industrielle,25042.170000000002,31787.938824761914,6745.768824761912
2025-11-04,Zone-Industrielle,27289.45,26379.984700379122,909.4652996208788
2025-11-05,Zone-Industrielle,24679.8,25029.419749203782,349.6197492037827
2025-11-06,Zone-Industrielle,25083.35,25496.912878217423,413.56287821742444
2025-11-07,Zone-Industrielle,24816.03,25000.301908599497,184.2719085994977
2025-11-08,Zone-Industrielle,14762.08,15125.827653795195,363.7476537951952
2025-11-09,Zone-Industrielle,20519.94,15158.16194288031,5361.778057119689
2025-11-10,Zone-Industrielle,24815.85,25649.968218343016,834.1182183430174
2025-11-11,Zone-Industrielle,25513.05,25657.587220041944,144.53722004194424
2025-11-12,Zone-Industrielle,37691.23,25949.496323317624,11741.73367668238
2025-11-13,Zone-Industrielle,27872.59,29097.671658650794,1225.0816586507935
2025-11-14,Zone-Industrielle,25952.52,27297.516892704392,1344.996892704392
2025-11-15,Zone-Industrielle,14928.36,14863.318847545488,65.04115245451248
2025-11-16,Zone-Industrielle,14355.0,15055.142714289743,700.1427142897428
2025-11-17,Zone-Industrielle,24834.66,26170.933025775423,1336.2730257754229
2025-11-18,Zone-Industrielle,26048.7,26196.518877838724,147.81887783872298
2025-11-19,Zone-Industrielle,24965.72,26929.759278574904,1964.0392785749027
2025-11-20,Zone-Industrielle,26471.62,26050.45991131354,421.16008868645804
2025-11-21,Zone-Industrielle,26474.85,27721.501602018183,1246.6516020181843
2025-11-22,Zone-Industrielle,14398.34,14690.750598001036,292.4105980010354
2025-11-23,Zone-Industrielle,13799.83,14666.512901316672,866.6829013166716
2025-11-24,Zone-Industrielle,25558.36,27661.482533297014,2103.1225332970134
2025-11-25,Zone-Industrielle,27883.99,28077.619595703225,193.62959570322346
2025-11-26,Zone-Industrielle,36176.43,27202.441255159272,8973.988744840728
2025-11-27,Zone-Industrielle,26640.09,27934.814892647355,1294.7248926473549
2025-11-28,Zone-Industrielle,26211.98,25892.730977230687,319.24902276931243
2025-11-29,Zone-Industrielle,15203.9,14664.296167707305,539.6038322926943
2025-11-30,Zone-Industrielle,15738.130000000001,14836.657323393849,901.4726766061522
2025-12-01,Zone-Industrielle,25618.79,26087.346291252292,468.556291252291
2025-12-02,Zone-Industrielle,25471.16,26381.712595852692,910.5525958526923
2025-12-03,Zone-Industrielle,32926.71,27428.74251588745,5497.967484112549
2025-12-04,Zone-Industrielle,25683.04,26011.83392193019,328.79392193018793
2025-12-05,Zone-Industrielle,25605.51,30033.719151270598,4428.209151270599
2025-12-06,Zone-Industrielle,14498.24,14550.41097212863,52.17097212862973
2025-12-07,Zone-Industrielle,13602.89,14806.263706024121,1203.373706024122
2025-12-08,Zone-Industrielle,26401.55,26210.792035845927,190.7579641540724
2025-12-09,Zone-Industrielle,25967.61,26190.340064622356,222.7300646223557
2025-12-10,Zone-Industrielle,24929.15,26176.245309885388,1247.095309885386
2025-12-11,Zone-Industrielle,26273.59,28339.408573059165,2065.818573059165
2025-12-12,Zone-Industrielle,27289.8,27074.57188616726,215.22811383273802
2025-12-13,Zone-Industrielle,14380.13,14502.126497543424,121.996497543425
2025-12-14,Zone-Industrielle,13966.01,15107.498529429351,1141.4885294293508
2025-12-15,Zone-Industrielle,27298.84,29338.08314886307,2039.2431488630682
2025-12-16,Zone-Industrielle,33581.53,30490.759102229433,3090.770897770566
2025-12-17,Zone-Industrielle,25100.39,25422.568635860272,322.17863586027306
2025-12-18,Zone-Industrielle,27268.76,29413.867303333333,2145.107303333334
2025-12-19,Zone-Industrielle,25610.25,25543.95828876925,66.29171123075139
2025-12-20,Zone-Industrielle,15502.95,14523.752390085085,979.197609914916
2025-12-21,Zone-Industrielle,17712.86,14897.667094413837,2815.1929055861638
2025-12-22,Zone-Industrielle,34954.85,30544.81394841268,4410.036051587318
2025-12-23,Zone-Industrielle,23668.74,26358.390943107624,2689.650943107623
2025-12-24,Zone-Industrielle,26583.67,27434.428373712177,850.7583737121786
2025-12-25,Zone-Industrielle,27006.12,28678.024301680332,1671.9043016803334
2025-12-26,Zone-Industrielle,26357.48,29299.782714268822,2942.3027142688225
2025-12-27,Zone-Industrielle,14682.91,14549.995072276515,132.91492772348465
2025-12-28,Zone-Industrielle,15788.28,14951.219439051645,837.0605609483555
2025-12-29,Zone-Industrielle,24283.8,27851.447329725834,3567.6473297258344
2025-12-30,Zone-Industrielle,26317.75,31334.927463174612,5017.177463174612
2025-12-31,Zone-Industrielle,27076.75,26200.77352343596,875.9764765640393
